2026-06-01T00:58:31Z,worker-2,ebpf-final,fault-fork-bomb,forker,0.0,0.0,0.0,0.0,0.0,0.0,0.0,0.0,0.0,0.0,0.0,17828.0,36661.0,0,fork-bomb
2026-06-01T00:58:42Z,worker-2,ebpf-final,fault-fork-bomb,forker,0.0,0.0,0.0,0.0,0.0,0.0,0.0,0.0,0.0,0.0,0.0,18297.0,37669.0,0,fork-bomb
2026-06-01T00:58:52Z,worker-2,ebpf-final,fault-fork-bomb,forker,0.0,0.0,0.0,0.0,0.0,0.0,0.0,0.0,0.0,0.0,0.0,17842.0,36658.0,0,fork-bomb
2026-06-01T00:59:02Z,worker-2,ebpf-final,fault-fork-bomb,forker,0.0,0.0,0.0,0.0,0.0,0.0,0.0,0.0,0.0,0.0,0.0,17742.0,36410.0,0,fork-bomb
2026-06-01T00:59:12Z,worker-2,ebpf-final,fault-fork-bomb,forker,0.0,0.0,0.0,0.0,0.0,0.0,0.0,0.0,0.0,0.0,0.0,18520.0,38011.0,0,fork-bomb
2026-06-01T00:59:22Z,worker-2,ebpf-final,fault-fork-bomb,forker,0.0,0.0,0.0,0.0,0.0,0.0,0.0,0.0,0.0,0.0,0.0,17801.0,36661.0,0,fork-bomb
2026-06-01T00:59:32Z,worker-2,ebpf-final,fault-fork-bomb,forker,0.0,0.0,0.0,0.0,0.0,0.0,0.0,0.0,0.0,0.0,0.0,17815.0,36613.0,0,fork-bomb
2026-06-01T00:59:43Z,worker-2,ebpf-final,fault-fork-bomb,forker,0.0,0.0,0.0,0.0,0.0,0.0,0.0,0.0,0.0,0.0,0.0,18411.0,37819.0,0,fork-bomb
2026-06-01T00:59:53Z,worker-2,ebpf-final,fault-fork-bomb,forker,0.0,0.0,0.0,0.0,0.0,0.0,0.0,0.0,0.0,0.0,0.0,17945.0,36880.0,0,fork-bomb
2026-06-01T01:00:03Z,worker-2,ebpf-final,fault-fork-bomb,forker,0.0,0.0,0.0,0.0,0.0,0.0,0.0,0.0,0.0,0.0,0.0,17930.0,36770.0,0,fork-bomb
2026-06-01T01:00:13Z,worker-2,ebpf-final,fault-fork-bomb,forker,0.0,0.0,0.0,0.0,0.0,0.0,0.0,0.0,0.0,0.0,0.0,18422.0,37847.0,0,fork-bomb
2026-06-01T01:00:23Z,worker-2,ebpf-final,fault-fork-bomb,forker,0.0,0.0,0.0,0.0,0.0,0.0,0.0,0.0,0.0,0.0,0.0,17907.0,36818.0,0,fork-bomb
2026-06-01T01:00:34Z,worker-2,ebpf-final,fault-fork-bomb,forker,0.0,0.0,0.0,0.0,0.0,0.0,0.0,0.0,0.0,0.0,0.0,17924.0,36833.0,0,fork-bomb
2026-06-01T01:00:44Z,worker-2,ebpf-final,fault-fork-bomb,forker,0.0,0.0,0.0,0.0,0.0,0.0,0.0,0.0,0.0,0.0,0.0,18371.0,37792.0,0,fork-bomb
2026-06-01T01:00:54Z,worker-2,ebpf-final,fault-fork-bomb,forker,0.0,0.0,0.0,0.0,0.0,0.0,0.0,0.0,0.0,0.0,0.0,17855.0,36730.0,0,fork-bomb
2026-06-01T01:01:04Z,worker-2,ebpf-final,fault-fork-bomb,forker,0.0,0.0,0.0,0.0,0.0,0.0,0.0,0.0,0.0,0.0,0.0,17904.0,36815.0,0,fork-bomb
2026-06-01T01:01:15Z,worker-2,ebpf-final,fault-fork-bomb,forker,0.0,0.0,0.0,0.0,0.0,0.0,0.0,0.0,0.0,0.0,0.0,18658.0,38140.0,0,fork-bomb
2026-06-01T01:01:25Z,worker-2,ebpf-final,fault-fork-bomb,forker,0.0,0.0,0.0,0.0,0.0,0.0,0.0,0.0,0.0,0.0,0.0,17789.0,36530.0,0,fork-bomb
2026-06-01T01:01:35Z,worker-2,ebpf-final,fault-fork-bomb,forker,0.0,0.0,0.0,0.0,0.0,0.0,0.0,0.0,0.0,0.0,0.0,17799.0,36548.0,0,fork-bomb
2026-06-01T01:01:45Z,worker-2,ebpf-final,fault-fork-bomb,forker,0.0,0.0,0.0,0.0,0.0,0.0,0.0,0.0,0.0,0.0,0.0,18708.0,38519.0,0,fork-bomb
2026-06-01T01:01:55Z,worker-2,ebpf-final,fault-fork-bomb,forker,0.0,0.0,0.0,0.0,0.0,0.0,0.0,0.0,0.0,0.0,0.0,17822.0,36676.0,0,fork-bomb
2026-06-01T01:02:06Z,worker-2,ebpf-final,fault-fork-bomb,forker,0.0,0.0,0.0,0.0,0.0,0.0,0.0,0.0,0.0,0.0,0.0,17902.0,36741.0,0,fork-bomb
2026-06-01T01:02:16Z,worker-2,ebpf-final,fault-fork-bomb,forker,0.0,0.0,0.0,0.0,0.0,0.0,0.0,0.0,0.0,0.0,0.0,18467.0,37922.0,0,fork-bomb
2026-06-01T01:02:26Z,worker-2,ebpf-final,fault-fork-bomb,forker,0.0,0.0,0.0,0.0,0.0,0.0,0.0,0.0,0.0,0.0,0.0,17714.0,36423.0,0,fork-bomb
2026-06-01T01:02:36Z,worker-2,ebpf-final,fault-fork-bomb,forker,0.0,0.0,0.0,0.0,0.0,0.0,0.0,0.0,0.0,0.0,0.0,17786.0,36528.0,0,fork-bomb
