2026-06-01T00:58:24Z,worker-3,ebpf-final,fault-disk-stress,disk-io,12.2,0.0,0.0,0.0,0.0,0.0,0.0,1600561152.0,61849600.0,0.09218081251343903,0.0,0.0,390834.0,disk-stress
2026-06-01T00:58:35Z,worker-3,ebpf-final,fault-disk-stress,disk-io,12.6,0.0,0.0,0.0,0.0,0.0,0.0,1662259200.0,75390976.0,0.09611632318794068,0.0,0.0,407544.0,disk-stress
2026-06-01T00:58:45Z,worker-3,ebpf-final,fault-disk-stress,disk-io,12.4,0.0,0.0,0.0,0.0,0.0,0.0,1406439424.0,80850944.0,0.12306646956536169,0.0,0.0,344410.0,disk-stress
2026-06-01T00:58:55Z,worker-3,ebpf-final,fault-disk-stress,disk-io,12.0,0.0,0.0,0.0,0.0,0.0,0.0,1094074368.0,57831424.0,0.1670275221170445,0.0,0.0,268641.0,disk-stress
2026-06-01T00:59:06Z,worker-3,ebpf-final,fault-disk-stress,disk-io,12.6,0.0,0.0,0.0,0.2,0.0,0.0,1216131072.0,67072000.0,0.15709461864317215,0.0,0.0,298416.0,disk-stress
2026-06-01T00:59:16Z,worker-3,ebpf-final,fault-disk-stress,disk-io,12.2,0.0,0.0,0.0,0.0,0.0,0.0,1158434816.0,64573440.0,0.1572722936571692,0.0,0.0,284719.0,disk-stress
2026-06-01T00:59:26Z,worker-3,ebpf-final,fault-disk-stress,disk-io,12.0,0.0,0.0,0.0,0.0,0.0,0.0,1123934208.0,61370368.0,0.16353181172294984,0.0,0.0,275741.0,disk-stress
2026-06-01T00:59:37Z,worker-3,ebpf-final,fault-disk-stress,disk-io,13.0,0.0,0.0,0.0,0.0,0.0,0.0,1210146816.0,63668224.0,0.15460035228738778,0.0,0.0,297325.0,disk-stress
2026-06-01T00:59:47Z,worker-3,ebpf-final,fault-disk-stress,disk-io,12.0,0.0,0.0,0.0,0.0,0.0,0.0,1161490432.0,62873600.0,0.15753579836294268,0.0,0.0,284489.0,disk-stress
2026-06-01T00:59:57Z,worker-3,ebpf-final,fault-disk-stress,disk-io,12.0,0.0,0.0,0.0,0.0,0.0,0.0,1140260864.0,65445888.0,0.16144970797678562,0.0,0.0,280181.0,disk-stress
2026-06-01T01:00:07Z,worker-3,ebpf-final,fault-disk-stress,disk-io,9.2,0.0,0.0,0.0,0.0,0.0,0.0,1180352512.0,64245760.0,0.1580890158181164,0.0,0.0,289794.0,disk-stress
2026-06-01T01:00:17Z,worker-3,ebpf-final,fault-disk-stress,disk-io,8.0,0.0,0.0,0.0,0.0,0.0,0.0,1094115328.0,63365120.0,0.17086691685152766,0.0,0.0,269190.0,disk-stress
2026-06-01T01:00:27Z,worker-3,ebpf-final,fault-disk-stress,disk-io,8.0,0.0,0.0,0.0,0.0,0.0,0.0,1100464128.0,66740224.0,0.16950704375851017,0.0,0.0,269976.0,disk-stress
2026-06-01T01:00:38Z,worker-3,ebpf-final,fault-disk-stress,disk-io,8.4,0.0,0.0,0.0,0.0,0.0,0.0,1166188544.0,61939712.0,0.16018581794882117,0.0,0.0,286069.0,disk-stress
2026-06-01T01:00:48Z,worker-3,ebpf-final,fault-disk-stress,disk-io,8.0,0.0,0.0,0.0,0.0,0.0,0.0,1103560704.0,59772928.0,0.1661583909488516,0.0,0.0,270964.0,disk-stress
2026-06-01T01:00:58Z,worker-3,ebpf-final,fault-disk-stress,disk-io,8.0,0.0,0.0,0.0,0.0,0.0,0.0,1163812864.0,61325312.0,0.15650180283816933,0.0,0.0,284719.0,disk-stress
2026-06-01T01:01:08Z,worker-3,ebpf-final,fault-disk-stress,disk-io,8.6,0.0,0.0,0.0,0.0,0.0,0.0,1194934272.0,67731456.0,0.16077768172806145,0.0,0.0,292973.0,disk-stress
2026-06-01T01:01:18Z,worker-3,ebpf-final,fault-disk-stress,disk-io,8.0,0.0,0.0,0.0,0.0,0.0,0.0,1153327104.0,64262144.0,0.15741303527033276,0.0,0.0,283152.0,disk-stress
2026-06-01T01:01:29Z,worker-3,ebpf-final,fault-disk-stress,disk-io,8.0,0.0,0.0,0.0,0.0,0.0,0.0,1132777472.0,65523712.0,0.16426909106906568,0.0,0.0,277755.0,disk-stress
2026-06-01T01:01:39Z,worker-3,ebpf-final,fault-disk-stress,disk-io,8.4,0.0,0.0,0.0,0.0,0.0,0.0,1157468160.0,63918080.0,0.16194823684051143,0.0,0.0,284348.0,disk-stress
2026-06-01T01:01:49Z,worker-3,ebpf-final,fault-disk-stress,disk-io,8.0,0.0,0.0,0.0,0.0,0.0,0.0,1120313344.0,61861888.0,0.1655572969954753,0.0,0.0,275658.0,disk-stress
2026-06-01T01:01:59Z,worker-3,ebpf-final,fault-disk-stress,disk-io,8.2,0.0,0.0,0.0,0.0,0.0,0.0,1151197184.0,67391488.0,0.15936401840035364,0.0,0.0,282701.0,disk-stress
2026-06-01T01:02:10Z,worker-3,ebpf-final,fault-disk-stress,disk-io,8.4,0.0,0.0,0.0,0.0,0.0,0.0,1185943552.0,64180224.0,0.15931408483554035,0.0,0.0,291242.0,disk-stress
2026-06-01T01:02:20Z,worker-3,ebpf-final,fault-disk-stress,disk-io,8.0,0.0,0.0,0.0,0.0,0.0,0.0,1148145664.0,65720320.0,0.16005326881095044,0.0,0.0,281981.0,disk-stress
2026-06-01T01:02:30Z,worker-3,ebpf-final,fault-disk-stress,disk-io,8.0,0.0,0.0,0.0,0.0,0.0,0.0,1124954112.0,59326464.0,0.1599167154378319,0.0,0.0,275840.0,disk-stress
2026-06-01T01:02:40Z,worker-3,ebpf-final,fault-disk-stress,disk-io,8.4,0.0,0.0,0.0,0.0,0.0,0.0,1208741888.0,71835648.0,0.15910633870527355,0.0,0.0,296333.0,disk-stress
