timestamp,node,namespace,pod,container,anomaly_score,is_anomaly,top_features
2026-05-27T03:10:58Z,mock-node,default,mock-pod,app,0.726733,False,"[{""feature"": ""context_switch_count"", ""value"": 3600.435, ""z"": 23.735}, {""feature"": ""process_exec_count"", ""value"": 4.237, ""z"": 22.341}, {""feature"": ""syscall_read_rate"", ""value"": 288.485, ""z"": 6.147}]"
2026-05-27T03:11:08Z,mock-node,default,mock-pod,app,0.800897,False,"[{""feature"": ""context_switch_count"", ""value"": 5083.791, ""z"": 36.331}, {""feature"": ""process_exec_count"", ""value"": 3.615, ""z"": 18.046}, {""feature"": ""syscall_read_rate"", ""value"": 338.486, ""z"": 8.365}]"
2026-05-27T03:11:18Z,mock-node,default,mock-pod,app,0.850037,True,"[{""feature"": ""context_switch_count"", ""value"": 4425.175, ""z"": 30.738}, {""feature"": ""process_exec_count"", ""value"": 3.732, ""z"": 18.854}, {""feature"": ""syscall_read_rate"", ""value"": 270.249, ""z"": 5.339}]"
2026-05-27T03:11:28Z,mock-node,default,mock-pod,app,0.901605,True,"[{""feature"": ""context_switch_count"", ""value"": 4755.158, ""z"": 33.54}, {""feature"": ""process_exec_count"", ""value"": 3.51, ""z"": 17.321}, {""feature"": ""syscall_read_rate"", ""value"": 354.941, ""z"": 9.095}]"
2026-05-27T03:11:38Z,mock-node,default,mock-pod,app,0.88224,True,"[{""feature"": ""context_switch_count"", ""value"": 4103.318, ""z"": 28.005}, {""feature"": ""process_exec_count"", ""value"": 3.728, ""z"": 18.826}, {""feature"": ""syscall_read_rate"", ""value"": 234.09, ""z"": 3.735}]"
2026-05-27T03:11:48Z,mock-node,default,mock-pod,app,1.0,True,"[{""feature"": ""context_switch_count"", ""value"": 5503.707, ""z"": 39.896}, {""feature"": ""process_exec_count"", ""value"": 3.558, ""z"": 17.652}, {""feature"": ""syscall_read_rate"", ""value"": 276.1, ""z"": 5.598}]"
2026-05-27T03:11:58Z,mock-node,default,mock-pod,app,0.960742,True,"[{""feature"": ""process_exec_count"", ""value"": 4.573, ""z"": 24.661}, {""feature"": ""context_switch_count"", ""value"": 3378.81, ""z"": 21.854}, {""feature"": ""syscall_read_rate"", ""value"": 349.58, ""z"": 8.858}]"
2026-05-27T03:12:08Z,mock-node,default,mock-pod,app,0.978542,True,"[{""feature"": ""context_switch_count"", ""value"": 5624.875, ""z"": 40.925}, {""feature"": ""process_exec_count"", ""value"": 4.39, ""z"": 23.397}, {""feature"": ""syscall_read_rate"", ""value"": 271.484, ""z"": 5.393}]"
2026-05-27T03:12:18Z,mock-node,default,mock-pod,app,0.821219,True,"[{""feature"": ""context_switch_count"", ""value"": 5811.435, ""z"": 42.509}, {""feature"": ""process_exec_count"", ""value"": 3.911, ""z"": 20.09}, {""feature"": ""syscall_read_rate"", ""value"": 270.23, ""z"": 5.338}]"
2026-05-27T03:12:28Z,mock-node,default,mock-pod,app,0.86482,True,"[{""feature"": ""context_switch_count"", ""value"": 4999.754, ""z"": 35.617}, {""feature"": ""process_exec_count"", ""value"": 4.345, ""z"": 23.087}, {""feature"": ""syscall_read_rate"", ""value"": 253.788, ""z"": 4.608}]"
2026-05-27T03:12:38Z,mock-node,default,mock-pod,app,0.800493,False,"[{""feature"": ""context_switch_count"", ""value"": 6122.857, ""z"": 45.153}, {""feature"": ""process_exec_count"", ""value"": 3.798, ""z"": 19.309}, {""feature"": ""syscall_read_rate"", ""value"": 325.773, ""z"": 7.802}]"
2026-05-27T03:12:48Z,mock-node,default,mock-pod,app,0.755487,False,"[{""feature"": ""context_switch_count"", ""value"": 4728.397, ""z"": 33.313}, {""feature"": ""process_exec_count"", ""value"": 4.213, ""z"": 22.175}, {""feature"": ""disk_io_latency_ms"", ""value"": 2.729, ""z"": 2.391}]"
2026-05-27T03:12:58Z,mock-node,default,mock-pod,app,1.0,True,"[{""feature"": ""context_switch_count"", ""value"": 4554.516, ""z"": 31.837}, {""feature"": ""process_exec_count"", ""value"": 2.979, ""z"": 13.654}, {""feature"": ""syscall_read_rate"", ""value"": 289.848, ""z"": 6.208}]"
2026-05-27T03:13:08Z,mock-node,default,mock-pod,app,1.0,True,"[{""feature"": ""context_switch_count"", ""value"": 4901.792, ""z"": 34.785}, {""feature"": ""process_exec_count"", ""value"": 4.115, ""z"": 21.498}, {""feature"": ""syscall_read_rate"", ""value"": 328.048, ""z"": 7.902}]"
2026-05-27T03:13:18Z,mock-node,default,mock-pod,app,1.0,True,"[{""feature"": ""context_switch_count"", ""value"": 3700.326, ""z"": 24.584}, {""feature"": ""process_exec_count"", ""value"": 4.133, ""z"": 21.623}, {""feature"": ""syscall_read_rate"", ""value"": 296.018, ""z"": 6.482}]"
2026-05-27T03:13:28Z,mock-node,default,mock-pod,app,0.983143,True,"[{""feature"": ""context_switch_count"", ""value"": 5944.384, ""z"": 43.638}, {""feature"": ""process_exec_count"", ""value"": 3.316, ""z"": 15.981}, {""feature"": ""syscall_read_rate"", ""value"": 232.072, ""z"": 3.645}]"
2026-05-27T03:13:38Z,mock-node,default,mock-pod,app,0.971841,True,"[{""feature"": ""context_switch_count"", ""value"": 5618.091, ""z"": 40.867}, {""feature"": ""process_exec_count"", ""value"": 4.899, ""z"": 26.912}, {""feature"": ""syscall_read_rate"", ""value"": 259.94, ""z"": 4.881}]"
2026-05-27T03:13:48Z,mock-node,default,mock-pod,app,1.0,True,"[{""feature"": ""context_switch_count"", ""value"": 5389.524, ""z"": 38.927}, {""feature"": ""process_exec_count"", ""value"": 3.768, ""z"": 19.102}, {""feature"": ""syscall_read_rate"", ""value"": 366.931, ""z"": 9.627}]"
2026-05-27T03:13:58Z,mock-node,default,mock-pod,app,0.928556,True,"[{""feature"": ""context_switch_count"", ""value"": 3449.283, ""z"": 22.452}, {""feature"": ""process_exec_count"", ""value"": 3.597, ""z"": 17.921}, {""feature"": ""syscall_read_rate"", ""value"": 314.267, ""z"": 7.291}]"
2026-05-27T03:14:08Z,mock-node,default,mock-pod,app,0.853054,True,"[{""feature"": ""context_switch_count"", ""value"": 5520.374, ""z"": 40.038}, {""feature"": ""process_exec_count"", ""value"": 4.027, ""z"": 20.891}, {""feature"": ""syscall_read_rate"", ""value"": 251.249, ""z"": 4.496}]"
2026-05-27T03:14:18Z,mock-node,default,mock-pod,app,0.888174,True,"[{""feature"": ""context_switch_count"", ""value"": 3673.961, ""z"": 24.36}, {""feature"": ""process_exec_count"", ""value"": 4.1, ""z"": 21.395}, {""feature"": ""syscall_read_rate"", ""value"": 291.092, ""z"": 6.263}]"
2026-05-27T03:14:28Z,mock-node,default,mock-pod,app,0.991976,True,"[{""feature"": ""process_exec_count"", ""value"": 4.197, ""z"": 22.065}, {""feature"": ""context_switch_count"", ""value"": 3401.653, ""z"": 22.048}, {""feature"": ""syscall_read_rate"", ""value"": 271.247, ""z"": 5.383}]"
2026-05-27T03:14:38Z,mock-node,default,mock-pod,app,0.926785,True,"[{""feature"": ""context_switch_count"", ""value"": 5124.877, ""z"": 36.68}, {""feature"": ""process_exec_count"", ""value"": 4.8, ""z"": 26.228}, {""feature"": ""syscall_read_rate"", ""value"": 332.612, ""z"": 8.105}]"
2026-05-27T03:14:48Z,mock-node,default,mock-pod,app,1.0,True,"[{""feature"": ""context_switch_count"", ""value"": 4713.448, ""z"": 33.186}, {""feature"": ""process_exec_count"", ""value"": 4.414, ""z"": 23.563}, {""feature"": ""syscall_read_rate"", ""value"": 206.221, ""z"": 2.498}]"
2026-05-27T03:14:58Z,mock-node,default,mock-pod,app,0.784928,False,"[{""feature"": ""context_switch_count"", ""value"": 4185.82, ""z"": 28.706}, {""feature"": ""process_exec_count"", ""value"": 4.535, ""z"": 24.399}, {""feature"": ""syscall_read_rate"", ""value"": 325.254, ""z"": 7.778}]"
2026-05-27T03:15:08Z,mock-node,default,mock-pod,app,1.0,True,"[{""feature"": ""context_switch_count"", ""value"": 5543.942, ""z"": 40.238}, {""feature"": ""process_exec_count"", ""value"": 4.313, ""z"": 22.866}, {""feature"": ""syscall_read_rate"", ""value"": 262.128, ""z"": 4.978}]"
2026-05-27T03:15:18Z,mock-node,default,mock-pod,app,0.906532,True,"[{""feature"": ""process_exec_count"", ""value"": 5.272, ""z"": 29.488}, {""feature"": ""context_switch_count"", ""value"": 3940.155, ""z"": 26.62}, {""feature"": ""syscall_read_rate"", ""value"": 314.62, ""z"": 7.307}]"
2026-05-27T03:15:28Z,mock-node,default,mock-pod,app,1.0,True,"[{""feature"": ""context_switch_count"", ""value"": 4710.559, ""z"": 33.162}, {""feature"": ""process_exec_count"", ""value"": 4.314, ""z"": 22.873}, {""feature"": ""syscall_read_rate"", ""value"": 239.475, ""z"": 3.973}]"
2026-05-27T03:15:38Z,mock-node,default,mock-pod,app,0.689797,False,"[{""feature"": ""context_switch_count"", ""value"": 4799.643, ""z"": 33.918}, {""feature"": ""process_exec_count"", ""value"": 3.934, ""z"": 20.249}, {""feature"": ""syscall_read_rate"", ""value"": 320.635, ""z"": 7.574}]"
2026-05-27T03:15:48Z,mock-node,default,mock-pod,app,0.8902,True,"[{""feature"": ""context_switch_count"", ""value"": 5332.699, ""z"": 38.444}, {""feature"": ""process_exec_count"", ""value"": 4.036, ""z"": 20.953}, {""feature"": ""syscall_read_rate"", ""value"": 307.914, ""z"": 7.009}]"
2026-05-27T03:15:58Z,mock-node,default,mock-pod,app,1.0,True,"[{""feature"": ""context_switch_count"", ""value"": 4784.894, ""z"": 33.793}, {""feature"": ""process_exec_count"", ""value"": 4.89, ""z"": 26.85}, {""feature"": ""syscall_read_rate"", ""value"": 251.216, ""z"": 4.494}]"
2026-05-27T03:16:08Z,mock-node,default,mock-pod,app,0.898362,True,"[{""feature"": ""context_switch_count"", ""value"": 6633.391, ""z"": 49.488}, {""feature"": ""process_exec_count"", ""value"": 4.545, ""z"": 24.468}, {""feature"": ""syscall_read_rate"", ""value"": 326.85, ""z"": 7.849}]"
2026-05-27T03:16:18Z,mock-node,default,mock-pod,app,0.949591,True,"[{""feature"": ""context_switch_count"", ""value"": 5363.68, ""z"": 38.707}, {""feature"": ""process_exec_count"", ""value"": 4.216, ""z"": 22.196}, {""feature"": ""syscall_read_rate"", ""value"": 355.801, ""z"": 9.134}]"
2026-05-27T03:16:28Z,mock-node,default,mock-pod,app,0.742302,False,"[{""feature"": ""context_switch_count"", ""value"": 3353.635, ""z"": 21.64}, {""feature"": ""process_exec_count"", ""value"": 3.122, ""z"": 14.641}, {""feature"": ""syscall_read_rate"", ""value"": 301.096, ""z"": 6.707}]"
2026-05-27T03:16:38Z,mock-node,default,mock-pod,app,0.945943,True,"[{""feature"": ""context_switch_count"", ""value"": 5361.955, ""z"": 38.693}, {""feature"": ""process_exec_count"", ""value"": 3.889, ""z"": 19.938}, {""feature"": ""syscall_read_rate"", ""value"": 269.27, ""z"": 5.295}]"
2026-05-27T03:16:48Z,mock-node,default,mock-pod,app,1.0,True,"[{""feature"": ""context_switch_count"", ""value"": 5305.446, ""z"": 38.213}, {""feature"": ""process_exec_count"", ""value"": 4.15, ""z"": 21.74}, {""feature"": ""syscall_read_rate"", ""value"": 342.081, ""z"": 8.525}]"
2026-05-27T03:16:58Z,mock-node,default,mock-pod,app,0.860516,True,"[{""feature"": ""context_switch_count"", ""value"": 4656.39, ""z"": 32.702}, {""feature"": ""process_exec_count"", ""value"": 3.257, ""z"": 15.574}, {""feature"": ""syscall_read_rate"", ""value"": 367.619, ""z"": 9.658}]"
2026-05-27T03:17:08Z,mock-node,default,mock-pod,app,0.983248,True,"[{""feature"": ""context_switch_count"", ""value"": 4943.656, ""z"": 35.141}, {""feature"": ""process_exec_count"", ""value"": 4.022, ""z"": 20.856}, {""feature"": ""syscall_read_rate"", ""value"": 285.993, ""z"": 6.037}]"
2026-05-27T03:17:18Z,mock-node,default,mock-pod,app,0.659617,False,"[{""feature"": ""context_switch_count"", ""value"": 4279.756, ""z"": 29.504}, {""feature"": ""process_exec_count"", ""value"": 4.441, ""z"": 23.749}, {""feature"": ""syscall_read_rate"", ""value"": 306.635, ""z"": 6.953}]"
2026-05-27T03:17:28Z,mock-node,default,mock-pod,app,0.871419,True,"[{""feature"": ""context_switch_count"", ""value"": 4887.596, ""z"": 34.665}, {""feature"": ""process_exec_count"", ""value"": 3.807, ""z"": 19.372}, {""feature"": ""syscall_read_rate"", ""value"": 239.052, ""z"": 3.955}]"
2026-05-27T03:17:38Z,mock-node,default,mock-pod,app,1.0,True,"[{""feature"": ""context_switch_count"", ""value"": 5166.572, ""z"": 37.034}, {""feature"": ""process_exec_count"", ""value"": 4.306, ""z"": 22.817}, {""feature"": ""syscall_read_rate"", ""value"": 350.227, ""z"": 8.886}]"
2026-05-27T03:17:48Z,mock-node,default,mock-pod,app,0.978727,True,"[{""feature"": ""context_switch_count"", ""value"": 5311.25, ""z"": 38.262}, {""feature"": ""process_exec_count"", ""value"": 4.155, ""z"": 21.775}, {""feature"": ""syscall_read_rate"", ""value"": 251.484, ""z"": 4.506}]"
2026-05-27T03:17:58Z,mock-node,default,mock-pod,app,0.961543,True,"[{""feature"": ""context_switch_count"", ""value"": 5760.352, ""z"": 42.075}, {""feature"": ""process_exec_count"", ""value"": 3.584, ""z"": 17.832}, {""feature"": ""syscall_read_rate"", ""value"": 265.237, ""z"": 5.116}]"
2026-05-27T03:18:08Z,mock-node,default,mock-pod,app,0.905779,True,"[{""feature"": ""context_switch_count"", ""value"": 4767.843, ""z"": 33.648}, {""feature"": ""process_exec_count"", ""value"": 4.472, ""z"": 23.964}, {""feature"": ""syscall_read_rate"", ""value"": 299.545, ""z"": 6.638}]"
2026-05-27T03:18:18Z,mock-node,default,mock-pod,app,0.98247,True,"[{""feature"": ""context_switch_count"", ""value"": 4817.358, ""z"": 34.068}, {""feature"": ""process_exec_count"", ""value"": 3.927, ""z"": 20.2}, {""feature"": ""syscall_read_rate"", ""value"": 221.25, ""z"": 3.165}]"
2026-05-27T03:18:28Z,mock-node,default,mock-pod,app,0.689451,False,"[{""feature"": ""context_switch_count"", ""value"": 4294.069, ""z"": 29.625}, {""feature"": ""process_exec_count"", ""value"": 3.931, ""z"": 20.228}, {""feature"": ""syscall_read_rate"", ""value"": 235.29, ""z"": 3.788}]"
2026-05-27T03:18:38Z,mock-node,default,mock-pod,app,1.0,True,"[{""feature"": ""context_switch_count"", ""value"": 4911.162, ""z"": 34.865}, {""feature"": ""process_exec_count"", ""value"": 3.687, ""z"": 18.543}, {""feature"": ""syscall_read_rate"", ""value"": 257.825, ""z"": 4.787}]"
2026-05-27T03:18:48Z,mock-node,default,mock-pod,app,0.881547,True,"[{""feature"": ""context_switch_count"", ""value"": 5257.14, ""z"": 37.803}, {""feature"": ""process_exec_count"", ""value"": 4.377, ""z"": 23.308}, {""feature"": ""syscall_read_rate"", ""value"": 318.354, ""z"": 7.472}]"
2026-05-27T03:18:58Z,mock-node,default,mock-pod,app,0.721389,False,"[{""feature"": ""context_switch_count"", ""value"": 6141.061, ""z"": 45.308}, {""feature"": ""process_exec_count"", ""value"": 3.473, ""z"": 17.065}, {""feature"": ""syscall_read_rate"", ""value"": 333.56, ""z"": 8.147}]"
2026-05-27T03:19:08Z,mock-node,default,mock-pod,app,0.855501,True,"[{""feature"": ""process_exec_count"", ""value"": 4.864, ""z"": 26.67}, {""feature"": ""context_switch_count"", ""value"": 3540.616, ""z"": 23.228}, {""feature"": ""syscall_read_rate"", ""value"": 275.045, ""z"": 5.551}]"
2026-05-27T03:19:18Z,mock-node,default,mock-pod,app,0.873622,True,"[{""feature"": ""context_switch_count"", ""value"": 6018.661, ""z"": 44.269}, {""feature"": ""process_exec_count"", ""value"": 3.267, ""z"": 15.643}, {""feature"": ""syscall_read_rate"", ""value"": 333.496, ""z"": 8.144}]"
2026-05-27T03:19:28Z,mock-node,default,mock-pod,app,1.0,True,"[{""feature"": ""context_switch_count"", ""value"": 4654.381, ""z"": 32.685}, {""feature"": ""process_exec_count"", ""value"": 4.148, ""z"": 21.726}, {""feature"": ""syscall_read_rate"", ""value"": 319.325, ""z"": 7.515}]"
2026-05-27T03:19:38Z,mock-node,default,mock-pod,app,0.796665,False,"[{""feature"": ""context_switch_count"", ""value"": 5890.238, ""z"": 43.178}, {""feature"": ""process_exec_count"", ""value"": 4.043, ""z"": 21.001}, {""feature"": ""syscall_read_rate"", ""value"": 275.58, ""z"": 5.575}]"
2026-05-27T03:19:48Z,mock-node,default,mock-pod,app,0.788042,False,"[{""feature"": ""context_switch_count"", ""value"": 5439.97, ""z"": 39.355}, {""feature"": ""process_exec_count"", ""value"": 4.156, ""z"": 21.781}, {""feature"": ""syscall_read_rate"", ""value"": 282.785, ""z"": 5.895}]"
2026-05-27T03:19:58Z,mock-node,default,mock-pod,app,0.874274,True,"[{""feature"": ""context_switch_count"", ""value"": 4305.816, ""z"": 29.725}, {""feature"": ""process_exec_count"", ""value"": 4.181, ""z"": 21.954}, {""feature"": ""syscall_read_rate"", ""value"": 287.707, ""z"": 6.113}]"
2026-05-27T03:20:08Z,mock-node,default,mock-pod,app,0.901403,True,"[{""feature"": ""context_switch_count"", ""value"": 4982.801, ""z"": 35.473}, {""feature"": ""process_exec_count"", ""value"": 5.578, ""z"": 31.601}, {""feature"": ""syscall_read_rate"", ""value"": 406.48, ""z"": 11.382}]"
2026-05-27T03:20:18Z,mock-node,default,mock-pod,app,1.0,True,"[{""feature"": ""context_switch_count"", ""value"": 4440.302, ""z"": 30.867}, {""feature"": ""process_exec_count"", ""value"": 3.996, ""z"": 20.677}, {""feature"": ""syscall_read_rate"", ""value"": 341.816, ""z"": 8.513}]"
2026-05-27T03:20:28Z,mock-node,default,mock-pod,app,0.659881,False,"[{""feature"": ""context_switch_count"", ""value"": 5847.829, ""z"": 42.818}, {""feature"": ""process_exec_count"", ""value"": 3.909, ""z"": 20.076}, {""feature"": ""syscall_read_rate"", ""value"": 262.295, ""z"": 4.986}]"
2026-05-27T03:20:38Z,mock-node,default,mock-pod,app,0.958659,True,"[{""feature"": ""context_switch_count"", ""value"": 4821.684, ""z"": 34.105}, {""feature"": ""process_exec_count"", ""value"": 3.071, ""z"": 14.289}, {""feature"": ""syscall_read_rate"", ""value"": 320.938, ""z"": 7.587}]"
2026-05-27T03:20:48Z,mock-node,default,mock-pod,app,0.843384,True,"[{""feature"": ""context_switch_count"", ""value"": 5940.085, ""z"": 43.602}, {""feature"": ""process_exec_count"", ""value"": 3.782, ""z"": 19.199}, {""feature"": ""syscall_read_rate"", ""value"": 287.107, ""z"": 6.086}]"
2026-05-27T03:20:58Z,mock-node,default,mock-pod,app,0.872827,True,"[{""feature"": ""process_exec_count"", ""value"": 5.434, ""z"": 30.606}, {""feature"": ""context_switch_count"", ""value"": 4385.914, ""z"": 30.405}, {""feature"": ""syscall_read_rate"", ""value"": 285.339, ""z"": 6.008}]"
2026-05-27T03:21:08Z,mock-node,default,mock-pod,app,0.887734,True,"[{""feature"": ""context_switch_count"", ""value"": 5418.312, ""z"": 39.171}, {""feature"": ""process_exec_count"", ""value"": 3.666, ""z"": 18.398}, {""feature"": ""syscall_read_rate"", ""value"": 322.382, ""z"": 7.651}]"
2026-05-27T03:21:18Z,mock-node,default,mock-pod,app,1.0,True,"[{""feature"": ""context_switch_count"", ""value"": 4771.807, ""z"": 33.682}, {""feature"": ""process_exec_count"", ""value"": 5.325, ""z"": 29.854}, {""feature"": ""syscall_read_rate"", ""value"": 303.674, ""z"": 6.821}]"
2026-05-27T03:21:28Z,mock-node,default,mock-pod,app,0.844276,True,"[{""feature"": ""context_switch_count"", ""value"": 4485.696, ""z"": 31.252}, {""feature"": ""process_exec_count"", ""value"": 2.838, ""z"": 12.68}, {""feature"": ""syscall_read_rate"", ""value"": 318.778, ""z"": 7.491}]"
2026-05-27T03:21:38Z,mock-node,default,mock-pod,app,0.795361,False,"[{""feature"": ""context_switch_count"", ""value"": 3012.333, ""z"": 18.742}, {""feature"": ""process_exec_count"", ""value"": 3.53, ""z"": 17.459}, {""feature"": ""syscall_read_rate"", ""value"": 320.284, ""z"": 7.558}]"
2026-05-27T03:21:48Z,mock-node,default,mock-pod,app,0.915437,True,"[{""feature"": ""context_switch_count"", ""value"": 4950.635, ""z"": 35.2}, {""feature"": ""process_exec_count"", ""value"": 2.879, ""z"": 12.963}, {""feature"": ""syscall_read_rate"", ""value"": 385.47, ""z"": 10.45}]"
2026-05-27T03:21:58Z,mock-node,default,mock-pod,app,0.803523,False,"[{""feature"": ""context_switch_count"", ""value"": 3975.738, ""z"": 26.922}, {""feature"": ""process_exec_count"", ""value"": 4.267, ""z"": 22.548}, {""feature"": ""syscall_read_rate"", ""value"": 321.367, ""z"": 7.606}]"
2026-05-27T03:22:08Z,mock-node,default,mock-pod,app,0.705693,False,"[{""feature"": ""context_switch_count"", ""value"": 4385.206, ""z"": 30.399}, {""feature"": ""process_exec_count"", ""value"": 4.038, ""z"": 20.967}, {""feature"": ""syscall_read_rate"", ""value"": 264.444, ""z"": 5.081}]"
2026-05-27T03:22:18Z,mock-node,default,mock-pod,app,0.787454,False,"[{""feature"": ""context_switch_count"", ""value"": 4304.231, ""z"": 29.711}, {""feature"": ""process_exec_count"", ""value"": 4.477, ""z"": 23.998}, {""feature"": ""syscall_read_rate"", ""value"": 288.44, ""z"": 6.145}]"
2026-05-27T03:22:28Z,mock-node,default,mock-pod,app,1.0,True,"[{""feature"": ""context_switch_count"", ""value"": 4318.701, ""z"": 29.834}, {""feature"": ""process_exec_count"", ""value"": 4.3, ""z"": 22.776}, {""feature"": ""syscall_read_rate"", ""value"": 319.722, ""z"": 7.533}]"
2026-05-27T03:22:38Z,mock-node,default,mock-pod,app,0.999951,True,"[{""feature"": ""context_switch_count"", ""value"": 5651.463, ""z"": 41.151}, {""feature"": ""process_exec_count"", ""value"": 3.165, ""z"": 14.938}, {""feature"": ""syscall_read_rate"", ""value"": 396.847, ""z"": 10.954}]"
2026-05-27T03:22:48Z,mock-node,default,mock-pod,app,0.812679,True,"[{""feature"": ""context_switch_count"", ""value"": 5154.381, ""z"": 36.93}, {""feature"": ""process_exec_count"", ""value"": 2.526, ""z"": 10.526}, {""feature"": ""syscall_read_rate"", ""value"": 333.319, ""z"": 8.136}]"
2026-05-27T03:22:58Z,mock-node,default,mock-pod,app,0.751925,False,"[{""feature"": ""context_switch_count"", ""value"": 3649.954, ""z"": 24.156}, {""feature"": ""process_exec_count"", ""value"": 4.095, ""z"": 21.36}, {""feature"": ""syscall_read_rate"", ""value"": 414.837, ""z"": 11.752}]"
2026-05-27T03:23:08Z,mock-node,default,mock-pod,app,0.824558,True,"[{""feature"": ""context_switch_count"", ""value"": 5036.372, ""z"": 35.928}, {""feature"": ""process_exec_count"", ""value"": 2.736, ""z"": 11.976}, {""feature"": ""syscall_read_rate"", ""value"": 349.189, ""z"": 8.84}]"
2026-05-27T03:23:18Z,mock-node,default,mock-pod,app,0.749914,False,"[{""feature"": ""context_switch_count"", ""value"": 4069.446, ""z"": 27.718}, {""feature"": ""process_exec_count"", ""value"": 3.214, ""z"": 15.277}, {""feature"": ""syscall_read_rate"", ""value"": 300.588, ""z"": 6.684}]"
2026-05-27T03:23:28Z,mock-node,default,mock-pod,app,0.862459,True,"[{""feature"": ""context_switch_count"", ""value"": 5351.926, ""z"": 38.607}, {""feature"": ""process_exec_count"", ""value"": 4.048, ""z"": 21.036}, {""feature"": ""syscall_read_rate"", ""value"": 315.861, ""z"": 7.362}]"
2026-05-27T03:23:38Z,mock-node,default,mock-pod,app,0.74945,False,"[{""feature"": ""context_switch_count"", ""value"": 5171.179, ""z"": 37.073}, {""feature"": ""process_exec_count"", ""value"": 3.416, ""z"": 16.672}, {""feature"": ""syscall_read_rate"", ""value"": 340.756, ""z"": 8.466}]"
2026-05-27T03:23:48Z,mock-node,default,mock-pod,app,1.0,True,"[{""feature"": ""context_switch_count"", ""value"": 3185.057, ""z"": 20.209}, {""feature"": ""process_exec_count"", ""value"": 3.819, ""z"": 19.454}, {""feature"": ""syscall_read_rate"", ""value"": 292.602, ""z"": 6.33}]"
2026-05-27T03:23:58Z,mock-node,default,mock-pod,app,0.803934,True,"[{""feature"": ""context_switch_count"", ""value"": 4169.221, ""z"": 28.565}, {""feature"": ""process_exec_count"", ""value"": 4.121, ""z"": 21.54}, {""feature"": ""syscall_read_rate"", ""value"": 338.341, ""z"": 8.359}]"
2026-05-27T03:24:08Z,mock-node,default,mock-pod,app,1.0,True,"[{""feature"": ""context_switch_count"", ""value"": 4286.242, ""z"": 29.559}, {""feature"": ""process_exec_count"", ""value"": 4.488, ""z"": 24.074}, {""feature"": ""syscall_read_rate"", ""value"": 298.511, ""z"": 6.592}]"
2026-05-27T03:24:18Z,mock-node,default,mock-pod,app,1.0,True,"[{""feature"": ""context_switch_count"", ""value"": 4017.862, ""z"": 27.28}, {""feature"": ""process_exec_count"", ""value"": 4.786, ""z"": 26.132}, {""feature"": ""syscall_read_rate"", ""value"": 339.978, ""z"": 8.432}]"
2026-05-27T03:24:28Z,mock-node,default,mock-pod,app,0.975587,True,"[{""feature"": ""context_switch_count"", ""value"": 4839.814, ""z"": 34.259}, {""feature"": ""process_exec_count"", ""value"": 3.545, ""z"": 17.562}, {""feature"": ""syscall_read_rate"", ""value"": 358.9, ""z"": 9.271}]"
2026-05-27T03:24:38Z,mock-node,default,mock-pod,app,0.820052,True,"[{""feature"": ""context_switch_count"", ""value"": 5331.234, ""z"": 38.432}, {""feature"": ""process_exec_count"", ""value"": 4.562, ""z"": 24.585}, {""feature"": ""syscall_read_rate"", ""value"": 325.022, ""z"": 7.768}]"
2026-05-27T03:24:48Z,mock-node,default,mock-pod,app,0.923172,True,"[{""feature"": ""context_switch_count"", ""value"": 5381.375, ""z"": 38.858}, {""feature"": ""process_exec_count"", ""value"": 4.341, ""z"": 23.059}, {""feature"": ""syscall_read_rate"", ""value"": 326.213, ""z"": 7.821}]"
2026-05-27T03:24:58Z,mock-node,default,mock-pod,app,0.787334,False,"[{""feature"": ""context_switch_count"", ""value"": 4814.703, ""z"": 34.046}, {""feature"": ""process_exec_count"", ""value"": 4.901, ""z"": 26.926}, {""feature"": ""syscall_read_rate"", ""value"": 354.241, ""z"": 9.064}]"
2026-05-27T03:25:08Z,mock-node,default,mock-pod,app,0.886636,True,"[{""feature"": ""context_switch_count"", ""value"": 5736.324, ""z"": 41.871}, {""feature"": ""process_exec_count"", ""value"": 3.879, ""z"": 19.869}, {""feature"": ""syscall_read_rate"", ""value"": 397.309, ""z"": 10.975}]"
2026-05-27T03:25:18Z,mock-node,default,mock-pod,app,0.798215,False,"[{""feature"": ""context_switch_count"", ""value"": 4775.643, ""z"": 33.714}, {""feature"": ""process_exec_count"", ""value"": 5.157, ""z"": 28.694}, {""feature"": ""syscall_read_rate"", ""value"": 235.599, ""z"": 3.801}]"
2026-05-27T03:25:28Z,mock-node,default,mock-pod,app,0.751686,False,"[{""feature"": ""context_switch_count"", ""value"": 4250.106, ""z"": 29.252}, {""feature"": ""process_exec_count"", ""value"": 2.909, ""z"": 13.171}, {""feature"": ""syscall_read_rate"", ""value"": 249.672, ""z"": 4.426}]"
2026-05-27T03:25:38Z,mock-node,default,mock-pod,app,0.758346,False,"[{""feature"": ""context_switch_count"", ""value"": 4733.383, ""z"": 33.355}, {""feature"": ""process_exec_count"", ""value"": 3.971, ""z"": 20.504}, {""feature"": ""syscall_read_rate"", ""value"": 254.56, ""z"": 4.643}]"
2026-05-27T03:25:48Z,mock-node,default,mock-pod,app,1.0,True,"[{""feature"": ""context_switch_count"", ""value"": 5062.472, ""z"": 36.15}, {""feature"": ""process_exec_count"", ""value"": 2.563, ""z"": 10.781}, {""feature"": ""network_tx_bytes"", ""value"": 53063.676, ""z"": 2.201}]"
2026-05-27T03:25:58Z,mock-node,default,mock-pod,app,1.0,True,"[{""feature"": ""context_switch_count"", ""value"": 6097.562, ""z"": 44.939}, {""feature"": ""process_exec_count"", ""value"": 4.086, ""z"": 21.298}, {""feature"": ""syscall_read_rate"", ""value"": 271.287, ""z"": 5.385}]"
2026-05-27T03:26:08Z,mock-node,default,mock-pod,app,0.830485,True,"[{""feature"": ""context_switch_count"", ""value"": 5804.997, ""z"": 42.455}, {""feature"": ""process_exec_count"", ""value"": 4.322, ""z"": 22.928}, {""feature"": ""syscall_read_rate"", ""value"": 364.287, ""z"": 9.51}]"
2026-05-27T03:26:18Z,mock-node,default,mock-pod,app,1.0,True,"[{""feature"": ""context_switch_count"", ""value"": 3905.689, ""z"": 26.327}, {""feature"": ""process_exec_count"", ""value"": 4.632, ""z"": 25.068}, {""feature"": ""syscall_read_rate"", ""value"": 340.128, ""z"": 8.438}]"
2026-05-27T03:26:28Z,mock-node,default,mock-pod,app,0.667006,False,"[{""feature"": ""context_switch_count"", ""value"": 5918.168, ""z"": 43.415}, {""feature"": ""process_exec_count"", ""value"": 4.061, ""z"": 21.125}, {""feature"": ""syscall_read_rate"", ""value"": 237.261, ""z"": 3.875}]"
2026-05-27T03:26:38Z,mock-node,default,mock-pod,app,0.940726,True,"[{""feature"": ""context_switch_count"", ""value"": 4311.13, ""z"": 29.77}, {""feature"": ""process_exec_count"", ""value"": 3.465, ""z"": 17.01}, {""feature"": ""syscall_read_rate"", ""value"": 273.263, ""z"": 5.472}]"
2026-05-27T03:26:48Z,mock-node,default,mock-pod,app,1.0,True,"[{""feature"": ""context_switch_count"", ""value"": 4868.741, ""z"": 34.505}, {""feature"": ""process_exec_count"", ""value"": 4.019, ""z"": 20.835}, {""feature"": ""syscall_read_rate"", ""value"": 292.587, ""z"": 6.329}]"
2026-05-27T03:26:58Z,mock-node,default,mock-pod,app,1.0,True,"[{""feature"": ""context_switch_count"", ""value"": 5907.755, ""z"": 43.327}, {""feature"": ""process_exec_count"", ""value"": 4.658, ""z"": 25.248}, {""feature"": ""syscall_read_rate"", ""value"": 321.024, ""z"": 7.591}]"
2026-05-27T03:27:08Z,mock-node,default,mock-pod,app,0.799511,False,"[{""feature"": ""context_switch_count"", ""value"": 5341.481, ""z"": 38.519}, {""feature"": ""process_exec_count"", ""value"": 3.913, ""z"": 20.103}, {""feature"": ""syscall_read_rate"", ""value"": 338.564, ""z"": 8.369}]"
2026-05-27T03:27:18Z,mock-node,default,mock-pod,app,0.96694,True,"[{""feature"": ""context_switch_count"", ""value"": 5576.561, ""z"": 40.515}, {""feature"": ""process_exec_count"", ""value"": 3.69, ""z"": 18.564}, {""feature"": ""syscall_read_rate"", ""value"": 343.175, ""z"": 8.573}]"
2026-05-27T03:27:28Z,mock-node,default,mock-pod,app,0.828995,True,"[{""feature"": ""context_switch_count"", ""value"": 5369.308, ""z"": 38.755}, {""feature"": ""process_exec_count"", ""value"": 3.708, ""z"": 18.688}, {""feature"": ""syscall_read_rate"", ""value"": 371.734, ""z"": 9.84}]"
2026-05-27T03:27:38Z,mock-node,default,mock-pod,app,0.711713,False,"[{""feature"": ""context_switch_count"", ""value"": 6279.592, ""z"": 46.484}, {""feature"": ""process_exec_count"", ""value"": 4.957, ""z"": 27.313}, {""feature"": ""syscall_read_rate"", ""value"": 274.856, ""z"": 5.543}]"
2026-05-27T03:27:48Z,mock-node,default,mock-pod,app,0.800081,False,"[{""feature"": ""context_switch_count"", ""value"": 4922.104, ""z"": 34.958}, {""feature"": ""process_exec_count"", ""value"": 4.254, ""z"": 22.458}, {""feature"": ""syscall_read_rate"", ""value"": 368.804, ""z"": 9.71}]"
2026-05-27T03:27:58Z,mock-node,default,mock-pod,app,0.900654,True,"[{""feature"": ""context_switch_count"", ""value"": 3729.708, ""z"": 24.833}, {""feature"": ""process_exec_count"", ""value"": 4.533, ""z"": 24.385}, {""feature"": ""syscall_read_rate"", ""value"": 235.872, ""z"": 3.814}]"
2026-05-27T03:28:08Z,mock-node,default,mock-pod,app,0.962175,True,"[{""feature"": ""context_switch_count"", ""value"": 5734.566, ""z"": 41.856}, {""feature"": ""process_exec_count"", ""value"": 3.487, ""z"": 17.162}, {""feature"": ""syscall_read_rate"", ""value"": 266.455, ""z"": 5.17}]"
2026-05-27T03:28:18Z,mock-node,default,mock-pod,app,0.947736,True,"[{""feature"": ""context_switch_count"", ""value"": 5228.58, ""z"": 37.56}, {""feature"": ""process_exec_count"", ""value"": 3.373, ""z"": 16.375}, {""feature"": ""syscall_read_rate"", ""value"": 338.34, ""z"": 8.359}]"
2026-05-27T03:28:28Z,mock-node,default,mock-pod,app,1.0,True,"[{""feature"": ""context_switch_count"", ""value"": 5358.482, ""z"": 38.663}, {""feature"": ""process_exec_count"", ""value"": 3.735, ""z"": 18.874}, {""feature"": ""syscall_read_rate"", ""value"": 359.888, ""z"": 9.315}]"
2026-05-27T03:28:38Z,mock-node,default,mock-pod,app,1.0,True,"[{""feature"": ""context_switch_count"", ""value"": 6293.234, ""z"": 46.6}, {""feature"": ""process_exec_count"", ""value"": 3.206, ""z"": 15.221}, {""feature"": ""syscall_read_rate"", ""value"": 230.834, ""z"": 3.59}]"
2026-05-27T03:28:48Z,mock-node,default,mock-pod,app,0.769754,False,"[{""feature"": ""context_switch_count"", ""value"": 5969.029, ""z"": 43.847}, {""feature"": ""process_exec_count"", ""value"": 4.377, ""z"": 23.308}, {""feature"": ""syscall_read_rate"", ""value"": 390.321, ""z"": 10.665}]"
2026-05-27T03:28:58Z,mock-node,default,mock-pod,app,0.826554,True,"[{""feature"": ""context_switch_count"", ""value"": 5078.887, ""z"": 36.289}, {""feature"": ""process_exec_count"", ""value"": 3.243, ""z"": 15.477}, {""feature"": ""syscall_read_rate"", ""value"": 351.194, ""z"": 8.929}]"
2026-05-27T03:29:08Z,mock-node,default,mock-pod,app,0.798989,False,"[{""feature"": ""context_switch_count"", ""value"": 4341.875, ""z"": 30.031}, {""feature"": ""process_exec_count"", ""value"": 3.514, ""z"": 17.348}, {""feature"": ""syscall_read_rate"", ""value"": 414.648, ""z"": 11.744}]"
2026-05-27T03:29:18Z,mock-node,default,mock-pod,app,0.852357,True,"[{""feature"": ""context_switch_count"", ""value"": 4431.303, ""z"": 30.79}, {""feature"": ""process_exec_count"", ""value"": 3.23, ""z"": 15.387}, {""feature"": ""syscall_read_rate"", ""value"": 275.491, ""z"": 5.571}]"
2026-05-27T03:29:28Z,mock-node,default,mock-pod,app,1.0,True,"[{""feature"": ""context_switch_count"", ""value"": 4927.762, ""z"": 35.006}, {""feature"": ""process_exec_count"", ""value"": 3.923, ""z"": 20.173}, {""feature"": ""syscall_read_rate"", ""value"": 264.057, ""z"": 5.064}]"
2026-05-27T03:29:38Z,mock-node,default,mock-pod,app,1.0,True,"[{""feature"": ""context_switch_count"", ""value"": 3824.577, ""z"": 25.639}, {""feature"": ""process_exec_count"", ""value"": 4.623, ""z"": 25.006}, {""feature"": ""syscall_read_rate"", ""value"": 280.983, ""z"": 5.815}]"
2026-05-27T03:29:48Z,mock-node,default,mock-pod,app,1.0,True,"[{""feature"": ""context_switch_count"", ""value"": 4608.617, ""z"": 32.296}, {""feature"": ""process_exec_count"", ""value"": 4.467, ""z"": 23.929}, {""feature"": ""syscall_read_rate"", ""value"": 250.611, ""z"": 4.467}]"
2026-05-27T03:29:58Z,mock-node,default,mock-pod,app,0.82689,True,"[{""feature"": ""process_exec_count"", ""value"": 5.149, ""z"": 28.638}, {""feature"": ""context_switch_count"", ""value"": 3892.813, ""z"": 26.218}, {""feature"": ""syscall_read_rate"", ""value"": 302.447, ""z"": 6.767}]"
2026-05-27T03:30:08Z,mock-node,default,mock-pod,app,0.894723,True,"[{""feature"": ""process_exec_count"", ""value"": 4.147, ""z"": 21.719}, {""feature"": ""context_switch_count"", ""value"": 3280.151, ""z"": 21.016}, {""feature"": ""syscall_read_rate"", ""value"": 311.571, ""z"": 7.172}]"
2026-05-27T03:30:18Z,mock-node,default,mock-pod,app,1.0,True,"[{""feature"": ""context_switch_count"", ""value"": 3580.414, ""z"": 23.565}, {""feature"": ""process_exec_count"", ""value"": 3.546, ""z"": 17.569}, {""feature"": ""syscall_read_rate"", ""value"": 238.352, ""z"": 3.924}]"
2026-05-27T03:30:28Z,mock-node,default,mock-pod,app,0.962211,True,"[{""feature"": ""context_switch_count"", ""value"": 4721.087, ""z"": 33.251}, {""feature"": ""process_exec_count"", ""value"": 3.989, ""z"": 20.628}, {""feature"": ""syscall_read_rate"", ""value"": 287.663, ""z"": 6.111}]"
2026-05-27T03:30:38Z,mock-node,default,mock-pod,app,0.912681,True,"[{""feature"": ""context_switch_count"", ""value"": 5379.174, ""z"": 38.839}, {""feature"": ""process_exec_count"", ""value"": 4.567, ""z"": 24.62}, {""feature"": ""syscall_read_rate"", ""value"": 254.997, ""z"": 4.662}]"
2026-05-27T03:30:48Z,mock-node,default,mock-pod,app,0.932792,True,"[{""feature"": ""context_switch_count"", ""value"": 3884.685, ""z"": 26.149}, {""feature"": ""process_exec_count"", ""value"": 3.436, ""z"": 16.81}, {""feature"": ""syscall_read_rate"", ""value"": 311.686, ""z"": 7.177}]"
2026-05-27T03:30:58Z,mock-node,default,mock-pod,app,0.743958,False,"[{""feature"": ""context_switch_count"", ""value"": 5357.472, ""z"": 38.655}, {""feature"": ""process_exec_count"", ""value"": 3.679, ""z"": 18.488}, {""feature"": ""syscall_read_rate"", ""value"": 286.93, ""z"": 6.078}]"
2026-05-27T03:31:08Z,mock-node,default,mock-pod,app,0.955339,True,"[{""feature"": ""context_switch_count"", ""value"": 4888.704, ""z"": 34.674}, {""feature"": ""process_exec_count"", ""value"": 4.261, ""z"": 22.507}, {""feature"": ""syscall_read_rate"", ""value"": 229.004, ""z"": 3.509}]"
2026-05-27T03:31:18Z,mock-node,default,mock-pod,app,0.902409,True,"[{""feature"": ""context_switch_count"", ""value"": 4493.932, ""z"": 31.322}, {""feature"": ""process_exec_count"", ""value"": 3.763, ""z"": 19.068}, {""feature"": ""syscall_read_rate"", ""value"": 321.794, ""z"": 7.625}]"
2026-05-27T03:31:28Z,mock-node,default,mock-pod,app,0.976362,True,"[{""feature"": ""context_switch_count"", ""value"": 4273.595, ""z"": 29.451}, {""feature"": ""process_exec_count"", ""value"": 4.082, ""z"": 21.27}, {""feature"": ""syscall_read_rate"", ""value"": 275.496, ""z"": 5.571}]"
2026-05-27T03:31:38Z,mock-node,default,mock-pod,app,0.916458,True,"[{""feature"": ""context_switch_count"", ""value"": 4752.694, ""z"": 33.519}, {""feature"": ""process_exec_count"", ""value"": 2.65, ""z"": 11.382}, {""feature"": ""syscall_read_rate"", ""value"": 297.01, ""z"": 6.526}]"
2026-05-27T03:31:48Z,mock-node,default,mock-pod,app,0.786666,False,"[{""feature"": ""context_switch_count"", ""value"": 4821.689, ""z"": 34.105}, {""feature"": ""process_exec_count"", ""value"": 5.03, ""z"": 27.817}, {""feature"": ""syscall_read_rate"", ""value"": 416.147, ""z"": 11.81}]"
2026-05-27T03:31:58Z,mock-node,default,mock-pod,app,1.0,True,"[{""feature"": ""context_switch_count"", ""value"": 5986.894, ""z"": 43.999}, {""feature"": ""process_exec_count"", ""value"": 3.206, ""z"": 15.221}, {""feature"": ""syscall_read_rate"", ""value"": 260.365, ""z"": 4.9}]"
2026-05-27T03:32:08Z,mock-node,default,mock-pod,app,1.0,True,"[{""feature"": ""context_switch_count"", ""value"": 4432.854, ""z"": 30.804}, {""feature"": ""process_exec_count"", ""value"": 3.84, ""z"": 19.599}, {""feature"": ""syscall_read_rate"", ""value"": 273.252, ""z"": 5.472}]"
2026-05-27T03:32:18Z,mock-node,default,mock-pod,app,0.918365,True,"[{""feature"": ""context_switch_count"", ""value"": 5406.198, ""z"": 39.068}, {""feature"": ""process_exec_count"", ""value"": 3.295, ""z"": 15.836}, {""feature"": ""syscall_read_rate"", ""value"": 215.144, ""z"": 2.894}]"
2026-05-27T03:32:28Z,mock-node,default,mock-pod,app,1.0,True,"[{""feature"": ""context_switch_count"", ""value"": 5049.097, ""z"": 36.036}, {""feature"": ""process_exec_count"", ""value"": 2.782, ""z"": 12.294}, {""feature"": ""syscall_read_rate"", ""value"": 213.915, ""z"": 2.84}]"
2026-05-27T03:32:38Z,mock-node,default,mock-pod,app,0.898403,True,"[{""feature"": ""context_switch_count"", ""value"": 5006.775, ""z"": 35.677}, {""feature"": ""process_exec_count"", ""value"": 3.97, ""z"": 20.497}, {""feature"": ""syscall_read_rate"", ""value"": 224.12, ""z"": 3.292}]"
2026-05-27T03:32:48Z,mock-node,default,mock-pod,app,0.977596,True,"[{""feature"": ""context_switch_count"", ""value"": 5236.601, ""z"": 37.628}, {""feature"": ""process_exec_count"", ""value"": 4.117, ""z"": 21.512}, {""feature"": ""syscall_read_rate"", ""value"": 251.767, ""z"": 4.519}]"
2026-05-27T03:32:58Z,mock-node,default,mock-pod,app,0.891695,True,"[{""feature"": ""context_switch_count"", ""value"": 4897.555, ""z"": 34.749}, {""feature"": ""process_exec_count"", ""value"": 4.667, ""z"": 25.31}, {""feature"": ""syscall_read_rate"", ""value"": 329.5, ""z"": 7.967}]"
2026-05-27T03:33:08Z,mock-node,default,mock-pod,app,0.933617,True,"[{""feature"": ""context_switch_count"", ""value"": 4054.13, ""z"": 27.588}, {""feature"": ""process_exec_count"", ""value"": 3.809, ""z"": 19.385}, {""feature"": ""syscall_read_rate"", ""value"": 274.496, ""z"": 5.527}]"
2026-05-27T03:33:18Z,mock-node,default,mock-pod,app,0.794695,False,"[{""feature"": ""context_switch_count"", ""value"": 3113.348, ""z"": 19.6}, {""feature"": ""process_exec_count"", ""value"": 2.864, ""z"": 12.86}, {""feature"": ""syscall_read_rate"", ""value"": 372.537, ""z"": 9.876}]"
2026-05-27T03:33:28Z,mock-node,default,mock-pod,app,0.978666,True,"[{""feature"": ""context_switch_count"", ""value"": 4170.032, ""z"": 28.572}, {""feature"": ""process_exec_count"", ""value"": 2.839, ""z"": 12.687}, {""feature"": ""syscall_read_rate"", ""value"": 328.283, ""z"": 7.913}]"
2026-05-27T03:33:38Z,mock-node,default,mock-pod,app,1.0,True,"[{""feature"": ""context_switch_count"", ""value"": 5056.521, ""z"": 36.099}, {""feature"": ""process_exec_count"", ""value"": 4.097, ""z"": 21.374}, {""feature"": ""syscall_read_rate"", ""value"": 274.838, ""z"": 5.542}]"
2026-05-27T03:33:48Z,mock-node,default,mock-pod,app,1.0,True,"[{""feature"": ""context_switch_count"", ""value"": 5191.786, ""z"": 37.248}, {""feature"": ""process_exec_count"", ""value"": 3.451, ""z"": 16.913}, {""feature"": ""syscall_read_rate"", ""value"": 231.073, ""z"": 3.601}]"
2026-05-27T03:33:58Z,mock-node,default,mock-pod,app,0.70806,False,"[{""feature"": ""context_switch_count"", ""value"": 5108.818, ""z"": 36.543}, {""feature"": ""process_exec_count"", ""value"": 5.34, ""z"": 29.957}, {""feature"": ""syscall_read_rate"", ""value"": 298.98, ""z"": 6.613}]"
2026-05-27T03:34:08Z,mock-node,default,mock-pod,app,1.0,True,"[{""feature"": ""context_switch_count"", ""value"": 4064.514, ""z"": 27.676}, {""feature"": ""process_exec_count"", ""value"": 4.161, ""z"": 21.816}, {""feature"": ""syscall_read_rate"", ""value"": 403.123, ""z"": 11.233}]"
2026-05-27T03:34:18Z,mock-node,default,mock-pod,app,0.839243,True,"[{""feature"": ""context_switch_count"", ""value"": 5146.664, ""z"": 36.865}, {""feature"": ""process_exec_count"", ""value"": 4.267, ""z"": 22.548}, {""feature"": ""syscall_read_rate"", ""value"": 282.695, ""z"": 5.891}]"
2026-05-27T03:34:28Z,mock-node,default,mock-pod,app,1.0,True,"[{""feature"": ""context_switch_count"", ""value"": 4883.476, ""z"": 34.63}, {""feature"": ""process_exec_count"", ""value"": 3.64, ""z"": 18.218}, {""feature"": ""syscall_read_rate"", ""value"": 265.651, ""z"": 5.135}]"
2026-05-27T03:34:38Z,mock-node,default,mock-pod,app,1.0,True,"[{""feature"": ""context_switch_count"", ""value"": 4928.268, ""z"": 35.01}, {""feature"": ""process_exec_count"", ""value"": 3.926, ""z"": 20.193}, {""feature"": ""syscall_read_rate"", ""value"": 298.522, ""z"": 6.593}]"
2026-05-27T03:34:48Z,mock-node,default,mock-pod,app,0.733574,False,"[{""feature"": ""context_switch_count"", ""value"": 4629.899, ""z"": 32.477}, {""feature"": ""process_exec_count"", ""value"": 3.779, ""z"": 19.178}, {""feature"": ""syscall_read_rate"", ""value"": 298.917, ""z"": 6.61}]"
2026-05-27T03:34:58Z,mock-node,default,mock-pod,app,0.769004,False,"[{""feature"": ""context_switch_count"", ""value"": 5159.322, ""z"": 36.972}, {""feature"": ""process_exec_count"", ""value"": 3.284, ""z"": 15.76}, {""feature"": ""syscall_read_rate"", ""value"": 332.814, ""z"": 8.114}]"
2026-05-27T03:35:08Z,mock-node,default,mock-pod,app,0.709538,False,"[{""feature"": ""context_switch_count"", ""value"": 4805.572, ""z"": 33.968}, {""feature"": ""process_exec_count"", ""value"": 2.995, ""z"": 13.764}, {""feature"": ""syscall_read_rate"", ""value"": 244.887, ""z"": 4.213}]"
2026-05-27T03:35:18Z,mock-node,default,mock-pod,app,0.833397,True,"[{""feature"": ""context_switch_count"", ""value"": 3982.913, ""z"": 26.983}, {""feature"": ""process_exec_count"", ""value"": 4.726, ""z"": 25.717}, {""feature"": ""syscall_read_rate"", ""value"": 343.272, ""z"": 8.578}]"
2026-05-27T03:35:28Z,mock-node,default,mock-pod,app,1.0,True,"[{""feature"": ""context_switch_count"", ""value"": 4560.451, ""z"": 31.887}, {""feature"": ""process_exec_count"", ""value"": 4.457, ""z"": 23.86}, {""feature"": ""syscall_read_rate"", ""value"": 318.108, ""z"": 7.462}]"
2026-05-27T03:35:38Z,mock-node,default,mock-pod,app,0.754302,False,"[{""feature"": ""context_switch_count"", ""value"": 4650.495, ""z"": 32.652}, {""feature"": ""process_exec_count"", ""value"": 4.265, ""z"": 22.534}, {""feature"": ""syscall_read_rate"", ""value"": 244.856, ""z"": 4.212}]"
2026-05-27T03:35:48Z,mock-node,default,mock-pod,app,0.855309,True,"[{""feature"": ""context_switch_count"", ""value"": 4834.161, ""z"": 34.211}, {""feature"": ""process_exec_count"", ""value"": 4.086, ""z"": 21.298}, {""feature"": ""syscall_read_rate"", ""value"": 271.864, ""z"": 5.41}]"
2026-05-27T03:35:58Z,mock-node,default,mock-pod,app,0.966041,True,"[{""feature"": ""context_switch_count"", ""value"": 4224.304, ""z"": 29.033}, {""feature"": ""process_exec_count"", ""value"": 4.65, ""z"": 25.193}, {""feature"": ""syscall_read_rate"", ""value"": 295.751, ""z"": 6.47}]"
2026-05-27T03:36:08Z,mock-node,default,mock-pod,app,1.0,True,"[{""feature"": ""process_exec_count"", ""value"": 4.666, ""z"": 25.303}, {""feature"": ""context_switch_count"", ""value"": 3301.647, ""z"": 21.198}, {""feature"": ""syscall_read_rate"", ""value"": 330.247, ""z"": 8.0}]"
2026-05-27T03:36:18Z,mock-node,default,mock-pod,app,0.990087,True,"[{""feature"": ""context_switch_count"", ""value"": 4020.854, ""z"": 27.305}, {""feature"": ""process_exec_count"", ""value"": 3.777, ""z"": 19.164}, {""feature"": ""syscall_read_rate"", ""value"": 334.69, ""z"": 8.197}]"
2026-05-27T03:36:28Z,mock-node,default,mock-pod,app,0.911474,True,"[{""feature"": ""context_switch_count"", ""value"": 4360.377, ""z"": 30.188}, {""feature"": ""process_exec_count"", ""value"": 3.895, ""z"": 19.979}, {""feature"": ""syscall_read_rate"", ""value"": 321.789, ""z"": 7.625}]"
2026-05-27T03:36:38Z,mock-node,default,mock-pod,app,0.996963,True,"[{""feature"": ""context_switch_count"", ""value"": 5503.409, ""z"": 39.894}, {""feature"": ""process_exec_count"", ""value"": 3.704, ""z"": 18.66}, {""feature"": ""syscall_read_rate"", ""value"": 284.367, ""z"": 5.965}]"
2026-05-27T03:36:48Z,mock-node,default,mock-pod,app,0.750351,False,"[{""feature"": ""context_switch_count"", ""value"": 5322.258, ""z"": 38.356}, {""feature"": ""process_exec_count"", ""value"": 4.59, ""z"": 24.778}, {""feature"": ""syscall_read_rate"", ""value"": 341.483, ""z"": 8.498}]"
2026-05-27T03:36:58Z,mock-node,default,mock-pod,app,0.932182,True,"[{""feature"": ""context_switch_count"", ""value"": 4600.996, ""z"": 32.231}, {""feature"": ""process_exec_count"", ""value"": 3.488, ""z"": 17.169}, {""feature"": ""syscall_read_rate"", ""value"": 348.175, ""z"": 8.795}]"
2026-05-27T03:37:08Z,mock-node,default,mock-pod,app,0.790307,False,"[{""feature"": ""context_switch_count"", ""value"": 6880.889, ""z"": 51.59}, {""feature"": ""process_exec_count"", ""value"": 3.757, ""z"": 19.026}, {""feature"": ""syscall_read_rate"", ""value"": 331.126, ""z"": 8.039}]"
2026-05-27T03:37:18Z,mock-node,default,mock-pod,app,0.948537,True,"[{""feature"": ""context_switch_count"", ""value"": 5941.154, ""z"": 43.611}, {""feature"": ""process_exec_count"", ""value"": 4.332, ""z"": 22.997}, {""feature"": ""syscall_read_rate"", ""value"": 278.172, ""z"": 5.69}]"
2026-05-27T03:37:28Z,mock-node,default,mock-pod,app,0.861879,True,"[{""feature"": ""context_switch_count"", ""value"": 3983.873, ""z"": 26.991}, {""feature"": ""process_exec_count"", ""value"": 3.013, ""z"": 13.889}, {""feature"": ""syscall_read_rate"", ""value"": 281.355, ""z"": 5.831}]"
2026-05-27T03:37:38Z,mock-node,default,mock-pod,app,0.86551,True,"[{""feature"": ""context_switch_count"", ""value"": 5107.144, ""z"": 36.529}, {""feature"": ""process_exec_count"", ""value"": 3.439, ""z"": 16.83}, {""feature"": ""syscall_read_rate"", ""value"": 315.39, ""z"": 7.341}]"
2026-05-27T03:37:48Z,mock-node,default,mock-pod,app,0.741824,False,"[{""feature"": ""process_exec_count"", ""value"": 4.351, ""z"": 23.128}, {""feature"": ""context_switch_count"", ""value"": 3436.452, ""z"": 22.343}, {""feature"": ""syscall_read_rate"", ""value"": 210.662, ""z"": 2.695}]"
2026-05-27T03:37:58Z,mock-node,default,mock-pod,app,0.778794,False,"[{""feature"": ""context_switch_count"", ""value"": 5270.533, ""z"": 37.916}, {""feature"": ""process_exec_count"", ""value"": 4.634, ""z"": 25.082}, {""feature"": ""syscall_read_rate"", ""value"": 251.24, ""z"": 4.495}]"
2026-05-27T03:38:08Z,mock-node,default,mock-pod,app,1.0,True,"[{""feature"": ""context_switch_count"", ""value"": 4704.928, ""z"": 33.114}, {""feature"": ""process_exec_count"", ""value"": 3.486, ""z"": 17.155}, {""feature"": ""syscall_read_rate"", ""value"": 292.205, ""z"": 6.312}]"
2026-05-27T03:38:18Z,mock-node,default,mock-pod,app,0.950932,True,"[{""feature"": ""context_switch_count"", ""value"": 3475.393, ""z"": 22.674}, {""feature"": ""process_exec_count"", ""value"": 3.374, ""z"": 16.382}, {""feature"": ""syscall_read_rate"", ""value"": 282.304, ""z"": 5.873}]"
2026-05-27T03:38:28Z,mock-node,default,mock-pod,app,0.982192,True,"[{""feature"": ""context_switch_count"", ""value"": 4618.034, ""z"": 32.376}, {""feature"": ""process_exec_count"", ""value"": 4.461, ""z"": 23.888}, {""feature"": ""syscall_read_rate"", ""value"": 258.435, ""z"": 4.814}]"
2026-05-27T03:38:38Z,mock-node,default,mock-pod,app,0.887548,True,"[{""feature"": ""context_switch_count"", ""value"": 4973.254, ""z"": 35.392}, {""feature"": ""process_exec_count"", ""value"": 3.29, ""z"": 15.802}, {""feature"": ""syscall_read_rate"", ""value"": 278.29, ""z"": 5.695}]"
2026-05-27T03:38:48Z,mock-node,default,mock-pod,app,1.0,True,"[{""feature"": ""context_switch_count"", ""value"": 4815.083, ""z"": 34.049}, {""feature"": ""process_exec_count"", ""value"": 4.861, ""z"": 26.65}, {""feature"": ""syscall_read_rate"", ""value"": 326.427, ""z"": 7.831}]"
2026-05-27T03:38:58Z,mock-node,default,mock-pod,app,1.0,True,"[{""feature"": ""context_switch_count"", ""value"": 5103.778, ""z"": 36.5}, {""feature"": ""process_exec_count"", ""value"": 3.449, ""z"": 16.899}, {""feature"": ""syscall_read_rate"", ""value"": 332.713, ""z"": 8.109}]"
2026-05-27T03:39:08Z,mock-node,default,mock-pod,app,0.830685,True,"[{""feature"": ""context_switch_count"", ""value"": 4169.567, ""z"": 28.568}, {""feature"": ""process_exec_count"", ""value"": 4.036, ""z"": 20.953}, {""feature"": ""syscall_read_rate"", ""value"": 318.169, ""z"": 7.464}]"
2026-05-27T03:39:18Z,mock-node,default,mock-pod,app,0.870647,True,"[{""feature"": ""process_exec_count"", ""value"": 5.188, ""z"": 28.908}, {""feature"": ""context_switch_count"", ""value"": 3216.45, ""z"": 20.475}, {""feature"": ""syscall_read_rate"", ""value"": 290.944, ""z"": 6.257}]"
2026-05-27T03:39:28Z,mock-node,default,mock-pod,app,1.0,True,"[{""feature"": ""context_switch_count"", ""value"": 3702.525, ""z"": 24.602}, {""feature"": ""process_exec_count"", ""value"": 3.533, ""z"": 17.48}, {""feature"": ""syscall_read_rate"", ""value"": 243.414, ""z"": 4.148}]"
2026-05-27T03:39:38Z,mock-node,default,mock-pod,app,0.861454,True,"[{""feature"": ""context_switch_count"", ""value"": 4508.685, ""z"": 31.447}, {""feature"": ""process_exec_count"", ""value"": 4.015, ""z"": 20.808}, {""feature"": ""disk_read_bytes"", ""value"": 25703.589, ""z"": 1.9}]"
2026-05-27T03:39:48Z,mock-node,default,mock-pod,app,0.739787,False,"[{""feature"": ""context_switch_count"", ""value"": 5234.138, ""z"": 37.607}, {""feature"": ""process_exec_count"", ""value"": 4.785, ""z"": 26.125}, {""feature"": ""syscall_read_rate"", ""value"": 322.466, ""z"": 7.655}]"
2026-05-27T03:39:58Z,mock-node,default,mock-pod,app,0.784417,False,"[{""feature"": ""context_switch_count"", ""value"": 3516.164, ""z"": 23.02}, {""feature"": ""process_exec_count"", ""value"": 4.16, ""z"": 21.809}, {""feature"": ""syscall_read_rate"", ""value"": 313.272, ""z"": 7.247}]"
2026-05-27T03:40:08Z,mock-node,default,mock-pod,app,1.0,True,"[{""feature"": ""context_switch_count"", ""value"": 4911.725, ""z"": 34.87}, {""feature"": ""process_exec_count"", ""value"": 3.987, ""z"": 20.614}, {""feature"": ""syscall_read_rate"", ""value"": 329.855, ""z"": 7.983}]"
2026-05-27T03:40:18Z,mock-node,default,mock-pod,app,0.698027,False,"[{""feature"": ""context_switch_count"", ""value"": 4641.732, ""z"": 32.577}, {""feature"": ""process_exec_count"", ""value"": 3.252, ""z"": 15.539}, {""feature"": ""syscall_read_rate"", ""value"": 290.552, ""z"": 6.239}]"
2026-05-27T03:40:28Z,mock-node,default,mock-pod,app,0.867501,True,"[{""feature"": ""context_switch_count"", ""value"": 5385.045, ""z"": 38.889}, {""feature"": ""process_exec_count"", ""value"": 4.798, ""z"": 26.215}, {""feature"": ""syscall_read_rate"", ""value"": 376.715, ""z"": 10.061}]"
2026-05-27T03:40:38Z,mock-node,default,mock-pod,app,0.820386,True,"[{""feature"": ""context_switch_count"", ""value"": 5860.02, ""z"": 42.922}, {""feature"": ""process_exec_count"", ""value"": 4.871, ""z"": 26.719}, {""feature"": ""syscall_read_rate"", ""value"": 265.83, ""z"": 5.142}]"
2026-05-27T03:40:48Z,mock-node,default,mock-pod,app,0.839725,True,"[{""feature"": ""context_switch_count"", ""value"": 4249.263, ""z"": 29.245}, {""feature"": ""process_exec_count"", ""value"": 3.569, ""z"": 17.728}, {""feature"": ""syscall_read_rate"", ""value"": 239.911, ""z"": 3.993}]"
2026-05-27T03:40:58Z,mock-node,default,mock-pod,app,0.809814,True,"[{""feature"": ""context_switch_count"", ""value"": 5402.583, ""z"": 39.038}, {""feature"": ""process_exec_count"", ""value"": 3.808, ""z"": 19.378}, {""feature"": ""syscall_read_rate"", ""value"": 280.342, ""z"": 5.786}]"
2026-05-27T03:41:08Z,mock-node,default,mock-pod,app,0.791842,False,"[{""feature"": ""context_switch_count"", ""value"": 3724.344, ""z"": 24.788}, {""feature"": ""process_exec_count"", ""value"": 4.021, ""z"": 20.849}, {""feature"": ""syscall_read_rate"", ""value"": 309.477, ""z"": 7.079}]"
2026-05-27T03:41:18Z,mock-node,default,mock-pod,app,0.880657,True,"[{""feature"": ""context_switch_count"", ""value"": 4554.667, ""z"": 31.838}, {""feature"": ""process_exec_count"", ""value"": 3.999, ""z"": 20.697}, {""feature"": ""syscall_read_rate"", ""value"": 296.982, ""z"": 6.524}]"
2026-05-27T03:41:28Z,mock-node,default,mock-pod,app,0.90519,True,"[{""feature"": ""context_switch_count"", ""value"": 4230.155, ""z"": 29.082}, {""feature"": ""process_exec_count"", ""value"": 2.873, ""z"": 12.922}, {""feature"": ""syscall_read_rate"", ""value"": 257.68, ""z"": 4.781}]"
2026-05-27T03:41:38Z,mock-node,default,mock-pod,app,0.852769,True,"[{""feature"": ""context_switch_count"", ""value"": 5806.847, ""z"": 42.47}, {""feature"": ""process_exec_count"", ""value"": 3.947, ""z"": 20.338}, {""feature"": ""syscall_read_rate"", ""value"": 365.645, ""z"": 9.57}]"
2026-05-27T03:41:48Z,mock-node,default,mock-pod,app,0.644351,False,"[{""feature"": ""context_switch_count"", ""value"": 5334.052, ""z"": 38.456}, {""feature"": ""process_exec_count"", ""value"": 3.139, ""z"": 14.759}, {""feature"": ""syscall_read_rate"", ""value"": 287.756, ""z"": 6.115}]"
2026-05-27T03:41:58Z,mock-node,default,mock-pod,app,0.926444,True,"[{""feature"": ""context_switch_count"", ""value"": 5318.689, ""z"": 38.325}, {""feature"": ""process_exec_count"", ""value"": 3.032, ""z"": 14.02}, {""feature"": ""syscall_read_rate"", ""value"": 251.393, ""z"": 4.502}]"
2026-05-27T03:42:08Z,mock-node,default,mock-pod,app,0.814044,True,"[{""feature"": ""context_switch_count"", ""value"": 5858.522, ""z"": 42.909}, {""feature"": ""process_exec_count"", ""value"": 4.18, ""z"": 21.947}, {""feature"": ""syscall_read_rate"", ""value"": 358.282, ""z"": 9.244}]"
2026-05-27T03:42:18Z,mock-node,default,mock-pod,app,0.747614,False,"[{""feature"": ""context_switch_count"", ""value"": 5720.12, ""z"": 41.734}, {""feature"": ""process_exec_count"", ""value"": 4.824, ""z"": 26.394}, {""feature"": ""syscall_read_rate"", ""value"": 279.129, ""z"": 5.732}]"
2026-05-27T03:42:28Z,mock-node,default,mock-pod,app,0.801052,False,"[{""feature"": ""context_switch_count"", ""value"": 4351.509, ""z"": 30.113}, {""feature"": ""process_exec_count"", ""value"": 2.99, ""z"": 13.73}, {""feature"": ""syscall_read_rate"", ""value"": 292.815, ""z"": 6.34}]"
2026-05-27T03:42:38Z,mock-node,default,mock-pod,app,1.0,True,"[{""feature"": ""context_switch_count"", ""value"": 5373.799, ""z"": 38.793}, {""feature"": ""process_exec_count"", ""value"": 4.515, ""z"": 24.26}, {""feature"": ""syscall_read_rate"", ""value"": 300.62, ""z"": 6.686}]"
2026-05-27T03:42:48Z,mock-node,default,mock-pod,app,0.864237,True,"[{""feature"": ""context_switch_count"", ""value"": 4386.863, ""z"": 30.413}, {""feature"": ""process_exec_count"", ""value"": 4.174, ""z"": 21.906}, {""feature"": ""syscall_read_rate"", ""value"": 235.147, ""z"": 3.781}]"
2026-05-27T03:42:58Z,mock-node,default,mock-pod,app,0.961902,True,"[{""feature"": ""process_exec_count"", ""value"": 3.864, ""z"": 19.765}, {""feature"": ""context_switch_count"", ""value"": 3015.053, ""z"": 18.765}, {""feature"": ""syscall_read_rate"", ""value"": 329.856, ""z"": 7.983}]"
2026-05-27T03:43:08Z,mock-node,default,mock-pod,app,0.744116,False,"[{""feature"": ""context_switch_count"", ""value"": 5836.886, ""z"": 42.725}, {""feature"": ""process_exec_count"", ""value"": 3.385, ""z"": 16.458}, {""feature"": ""syscall_read_rate"", ""value"": 341.604, ""z"": 8.504}]"
2026-05-27T03:43:18Z,mock-node,default,mock-pod,app,0.793259,False,"[{""feature"": ""context_switch_count"", ""value"": 4902.08, ""z"": 34.788}, {""feature"": ""process_exec_count"", ""value"": 3.488, ""z"": 17.169}, {""feature"": ""syscall_read_rate"", ""value"": 253.139, ""z"": 4.58}]"
2026-05-27T03:43:28Z,mock-node,default,mock-pod,app,1.0,True,"[{""feature"": ""context_switch_count"", ""value"": 3916.619, ""z"": 26.42}, {""feature"": ""process_exec_count"", ""value"": 3.804, ""z"": 19.351}, {""feature"": ""syscall_read_rate"", ""value"": 317.867, ""z"": 7.451}]"
2026-05-27T03:43:38Z,mock-node,default,mock-pod,app,0.923485,True,"[{""feature"": ""context_switch_count"", ""value"": 5710.216, ""z"": 41.65}, {""feature"": ""process_exec_count"", ""value"": 3.717, ""z"": 18.75}, {""feature"": ""syscall_read_rate"", ""value"": 282.945, ""z"": 5.902}]"
2026-05-27T03:43:48Z,mock-node,default,mock-pod,app,0.862459,True,"[{""feature"": ""context_switch_count"", ""value"": 5729.367, ""z"": 41.812}, {""feature"": ""process_exec_count"", ""value"": 3.518, ""z"": 17.376}, {""feature"": ""syscall_read_rate"", ""value"": 333.744, ""z"": 8.155}]"
2026-05-27T03:43:58Z,mock-node,default,mock-pod,app,0.824206,True,"[{""feature"": ""context_switch_count"", ""value"": 4564.392, ""z"": 31.92}, {""feature"": ""process_exec_count"", ""value"": 3.792, ""z"": 19.268}, {""feature"": ""syscall_read_rate"", ""value"": 299.559, ""z"": 6.639}]"
2026-05-27T03:44:08Z,mock-node,default,mock-pod,app,0.995569,True,"[{""feature"": ""context_switch_count"", ""value"": 5077.088, ""z"": 36.274}, {""feature"": ""process_exec_count"", ""value"": 4.676, ""z"": 25.372}, {""feature"": ""syscall_read_rate"", ""value"": 309.603, ""z"": 7.084}]"
