fpr,tpr,precision,recall
0.0,0.0,0.028046193730850814,1.0
0.0,0.008403361344537815,0.027817067421027818,0.9915966386554622
0.0,0.025210084033613446,0.02782362650318321,0.9915966386554622
0.0,0.03361344537815126,0.022058823529411766,0.7815126050420168
0.0,0.06722689075630252,0.02307119821384272,0.7815126050420168
0.0,0.08403361344537816,0.02308265078183172,0.7815126050420168
0.0,0.12605042016806722,0.023088381330685203,0.7815126050420168
0.0009699321047526673,0.12605042016806722,0.023163138231631384,0.7815126050420168
0.0009699321047526673,0.21008403361344538,0.02393206381883685,0.7815126050420168
0.0009699321047526673,0.29411764705882354,0.027912621359223302,0.773109243697479
0.0009699321047526673,0.31092436974789917,0.027946537059538274,0.773109243697479
0.0009699321047526673,0.33613445378151263,0.027955028866605895,0.773109243697479
0.0012124151309408342,0.33613445378151263,0.02796352583586626,0.773109243697479
0.0012124151309408342,0.35294117647058826,0.02799756542909312,0.773109243697479
0.0019398642095053346,0.35294117647058826,0.028203556100551808,0.773109243697479
0.002909796314258002,0.35294117647058826,0.02842137781896818,0.773109243697479
0.0033947623666343357,0.35294117647058826,0.028553693358162633,0.773109243697479
0.004122211445198836,0.35294117647058826,0.028562558211735485,0.773109243697479
0.004364694471387003,0.35294117647058826,0.029077117572692796,0.773109243697479
0.004849660523763337,0.35294117647058826,0.029132362254591513,0.773109243697479
0.005092143549951503,0.35294117647058826,0.029336734693877552,0.773109243697479
0.006304558680892337,0.35294117647058826,0.02934609250398724,0.773109243697479
0.006789524733268671,0.35294117647058826,0.02944,0.773109243697479
0.006789524733268671,0.3697478991596639,0.029734970911441498,0.773109243697479
0.006789524733268671,0.37815126050420167,0.029754204398447608,0.773109243697479
0.006789524733268671,0.42857142857142855,0.02990897269180754,0.773109243697479
0.006789524733268671,0.5630252100840336,0.02992843201040989,0.773109243697479
0.013821532492725509,0.5630252100840336,0.030303030303030304,0.773109243697479
0.014306498545101843,0.5630252100840336,0.030313014827018123,0.773109243697479
0.014791464597478177,0.5630252100840336,0.030738389575676577,0.773109243697479
0.01624636275460718,0.5630252100840336,0.030841434797184042,0.773109243697479
0.016488845780795344,0.5630252100840336,0.03163686382393398,0.773109243697479
0.017216294859359844,0.5630252100840336,0.03164774681802546,0.773109243697479
0.020368574199806012,0.5630252100840336,0.03166953528399311,0.773109243697479
0.020853540252182348,0.5630252100840336,0.03203342618384401,0.773109243697479
0.02303588748787585,0.5630252100840336,0.03206692227256884,0.773109243697479
0.02352085354025218,0.5630252100840336,0.03207810320781032,0.773109243697479
0.02449078564500485,0.5630252100840336,0.032089291942797346,0.773109243697479
0.024975751697381185,0.5630252100840336,0.03221288515406162,0.773109243697479
0.02521823472356935,0.5630252100840336,0.03244005641748942,0.773109243697479
0.02594568380213385,0.5630252100840336,0.032451499118165784,0.773109243697479
0.027158098933074686,0.5630252100840336,0.0325433321542271,0.773109243697479
0.028370514064015518,0.5630252100840336,0.03255484784147204,0.773109243697479
0.030067895247332686,0.5630252100840336,0.03256637168141593,0.773109243697479
0.03443258971871969,0.5630252100840336,0.03260099220411056,0.773109243697479
0.03516003879728419,0.5630252100840336,0.032647267565649396,0.773109243697479
0.03564500484966052,0.5630252100840336,0.0326588569400071,0.773109243697479
0.051648884578079535,0.5630252100840336,0.032904148783977114,0.773109243697479
0.05213385063045587,0.5630252100840336,0.033093525179856115,0.773109243697479
0.0540737148399612,0.5630252100840336,0.033201010465535905,0.773109243697479
0.054558680892337535,0.5630252100840336,0.033261026753434564,0.773109243697479
0.06741028128031037,0.5630252100840336,0.03334541500543675,0.773109243697479
0.06789524733268672,0.5630252100840336,0.033369604642727604,0.773109243697479
0.07080504364694472,0.5630252100840336,0.033393829401088926,0.773109243697479
0.07129000969932105,0.5630252100840336,0.03341808935706502,0.773109243697479
0.07322987390882638,0.5630252100840336,0.03343023255813953,0.773109243697479
0.07371483996120272,0.5630252100840336,0.03345454545454545,0.773109243697479
0.07832201745877788,0.5630252100840336,0.03346671516915242,0.773109243697479
0.07953443258971872,0.5630252100840336,0.03351548269581057,0.773109243697479
0.08317167798254123,0.5630252100840336,0.03360116873630387,0.773109243697479
0.08365664403491756,0.5630252100840336,0.033650329188002925,0.773109243697479
0.08511154219204656,0.5630252100840336,0.033662641785583605,0.773109243697479
0.08583899127061105,0.5630252100840336,0.033687294031490296,0.773109243697479
0.08802133850630456,0.5630252100840336,0.03508771929824561,0.773109243697479
0.08802133850630456,0.5798319327731093,0.03518164435946463,0.773109243697479
0.08850630455868089,0.5798319327731093,0.035235541937954806,0.773109243697479
0.08850630455868089,0.6638655462184874,0.03524904214559387,0.773109243697479
0.08899127061105723,0.6638655462184874,0.036349269063611224,0.773109243697479
0.09117361784675072,0.6638655462184874,0.03637801502570186,0.773109243697479
0.09117361784675072,0.773109243697479,0.03642121931908155,0.773109243697479
0.09287099903006789,0.773109243697479,0.03643564356435643,0.773109243697479
0.0935984481086324,0.773109243697479,0.03645007923930269,0.773109243697479
0.09699321047526673,0.773109243697479,0.03702213279678068,0.773109243697479
0.09747817652764307,0.773109243697479,0.037037037037037035,0.773109243697479
0.0979631425800194,0.773109243697479,0.037066881547139406,0.773109243697479
0.0994180407371484,0.773109243697479,0.037081821846029824,0.773109243697479
0.1001454898157129,0.773109243697479,0.037171717171717175,0.773109243697479
0.1008729388942774,0.773109243697479,0.03723188992310805,0.773109243697479
0.10257032007759456,0.773109243697479,0.037535699714402286,0.773109243697479
0.1030552861299709,0.773109243697479,0.03787566899958831,0.773109243697479
0.1045101842870999,0.773109243697479,0.03792250618301731,0.773109243697479
0.10499515033947623,0.773109243697479,0.037985136251032205,0.773109243697479
0.10548011639185258,0.773109243697479,0.03800082610491532,0.773109243697479
0.1059650824442289,0.773109243697479,0.038032244729226956,0.773109243697479
0.11372453928225024,0.773109243697479,0.03811101905550953,0.773109243697479
0.11420950533462658,0.773109243697479,0.03814262023217247,0.773109243697479
0.12027158098933075,0.773109243697479,0.03815844048112816,0.773109243697479
0.12075654704170707,0.773109243697479,0.038174273858921165,0.773109243697479
0.12633365664403493,0.773109243697479,0.038253638253638256,0.773109243697479
0.12681862269641125,0.773109243697479,0.03826955074875208,0.773109243697479
0.1277885548011639,0.773109243697479,0.038317367763431906,0.773109243697479
0.12827352085354024,0.773109243697479,0.03833333333333333,0.773109243697479
0.13336566440349176,0.773109243697479,0.03836530442035029,0.773109243697479
0.1338506304558681,0.773109243697479,0.03842940685045948,0.773109243697479
0.13700290979631427,0.773109243697479,0.038493723849372385,0.773109243697479
0.1374878758486906,0.773109243697479,0.03859060402684564,0.773109243697479
0.13773035887487875,0.773109243697479,0.038623005877413935,0.773109243697479
0.13821532492725508,0.773109243697479,0.03863922721545569,0.773109243697479
0.1462172647914646,0.773109243697479,0.03865546218487395,0.773109243697479
0.14718719689621726,0.773109243697479,0.03867171080285835,0.773109243697479
0.1476721629485936,0.773109243697479,0.03872053872053872,0.773109243697479
0.14815712900096994,0.773109243697479,0.03893355903512484,0.773109243697479
0.15446168768186228,0.773109243697479,0.03895004233700254,0.773109243697479
0.1549466537342386,0.773109243697479,0.03904923599320883,0.773109243697479
0.16391852570320078,0.773109243697479,0.03909902252443689,0.773109243697479
0.16464597478176526,0.773109243697479,0.03914893617021276,0.773109243697479
0.16561590688651795,0.773109243697479,0.03945111492281304,0.773109243697479
0.16610087293889428,0.773109243697479,0.039468039468039465,0.773109243697479
0.1687681862269641,0.773109243697479,0.0395019321597252,0.773109243697479
0.16925315227934046,0.773109243697479,0.03951890034364261,0.773109243697479
0.16998060135790494,0.773109243697479,0.03953588311130211,0.773109243697479
0.1704655674102813,0.773109243697479,0.039603960396039604,0.773109243697479
0.17192046556741028,0.773109243697479,0.03963808703145196,0.773109243697479
0.1724054316197866,0.773109243697479,0.039655172413793106,0.773109243697479
0.17289039767216294,0.773109243697479,0.03967227253126347,0.773109243697479
0.17361784675072744,0.773109243697479,0.03968938740293356,0.773109243697479
0.17386032977691562,0.773109243697479,0.03970651704790678,0.773109243697479
0.17434529582929195,0.773109243697479,0.039723661485319514,0.773109243697479
0.17749757516973813,0.773109243697479,0.03977518374405534,0.773109243697479
0.17798254122211446,0.773109243697479,0.039792387543252594,0.773109243697479
0.1813773035887488,0.773109243697479,0.0398096062310688,0.773109243697479
0.18186226964112512,0.773109243697479,0.03982683982683983,0.773109243697479
0.18234723569350145,0.773109243697479,0.03986135181975736,0.773109243697479
0.18283220174587778,0.773109243697479,0.03994789405123752,0.773109243697479
0.18477206595538312,0.773109243697479,0.03996524761077324,0.773109243697479
0.18525703200775945,0.773109243697479,0.03998261625380269,0.773109243697479
0.18598448108632396,0.773109243697479,0.04,0.773109243697479
0.18646944713870028,0.773109243697479,0.04005224205485416,0.773109243697479
0.1879243452958293,0.773109243697479,0.04006968641114982,0.773109243697479
0.18840931134820563,0.773109243697479,0.04008714596949891,0.773109243697479
0.1886517943743938,0.773109243697479,0.04013961605584642,0.773109243697479
0.18962172647914646,0.773109243697479,0.04015713662156264,0.773109243697479
0.19059165858389912,0.773109243697479,0.04017467248908297,0.773109243697479
0.19107662463627545,0.773109243697479,0.04020979020979021,0.773109243697479
0.19131910766246363,0.773109243697479,0.04026258205689278,0.773109243697479
0.19180407371483996,0.773109243697479,0.040315512708150744,0.773109243697479
0.1930164888457808,0.773109243697479,0.040333187198597104,0.773109243697479
0.19350145489815712,0.773109243697479,0.040780141843971635,0.773109243697479
0.19471387002909796,0.773109243697479,0.040798226164079826,0.773109243697479
0.19568380213385064,0.773109243697479,0.040834442964935644,0.773109243697479
0.19616876818622697,0.773109243697479,0.04085257548845471,0.773109243697479
0.1966537342386033,0.773109243697479,0.040870724122612175,0.773109243697479
0.19762366634335596,0.773109243697479,0.04118173679498657,0.773109243697479
0.1981086323957323,0.773109243697479,0.04121863799283154,0.773109243697479
0.19932104752667312,0.773109243697479,0.041237113402061855,0.773109243697479
0.19980601357904948,0.773109243697479,0.04129263913824058,0.773109243697479
0.20004849660523763,0.773109243697479,0.041311180960933995,0.773109243697479
0.20126091173617847,0.773109243697479,0.04132973944294699,0.773109243697479
0.2017458777885548,0.773109243697479,0.04134831460674157,0.773109243697479
0.2024733268671193,0.773109243697479,0.0413855150697256,0.773109243697479
0.20344325897187196,0.773109243697479,0.041404140414041404,0.773109243697479
0.20392822502424832,0.773109243697479,0.041422782530391715,0.773109243697479
0.20441319107662465,0.773109243697479,0.04147880973850315,0.773109243697479
0.20514064015518912,0.773109243697479,0.04151624548736462,0.773109243697479
0.20659553831231814,0.773109243697479,0.04153498871331828,0.773109243697479
0.2075654704170708,0.773109243697479,0.04155374887082204,0.773109243697479
0.20926285160038796,0.773109243697479,0.04157252598282874,0.773109243697479
0.20999030067895247,0.773109243697479,0.04159132007233273,0.773109243697479
0.2104752667313288,0.773109243697479,0.041610131162369966,0.773109243697479
0.21144519883608148,0.773109243697479,0.04168554599003172,0.773109243697479
0.21217264791464596,0.773109243697479,0.04170444242973708,0.773109243697479
0.21362754607177498,0.773109243697479,0.041723356009070296,0.773109243697479
0.21435499515033948,0.773109243697479,0.041742286751361164,0.773109243697479
0.21532492725509214,0.773109243697479,0.041875284478834776,0.773109243697479
0.2162948593598448,0.773109243697479,0.04189435336976321,0.773109243697479
0.21726479146459748,0.773109243697479,0.04191343963553531,0.773109243697479
0.21871968962172647,0.773109243697479,0.041970802919708027,0.773109243697479
0.21944713870029098,0.773109243697479,0.04198995892286627,0.773109243697479
0.22065955383123181,0.773109243697479,0.04200913242009133,0.773109243697479
0.22138700290979632,0.773109243697479,0.042086001829826164,0.773109243697479
0.2228419010669253,0.773109243697479,0.042105263157894736,0.773109243697479
0.22405431619786614,0.773109243697479,0.04212454212454213,0.773109243697479
0.22453928225024247,0.773109243697479,0.04214383875400825,0.773109243697479
0.22502424830261883,0.773109243697479,0.042259990813045475,0.773109243697479
0.2289039767216295,0.773109243697479,0.042279411764705885,0.773109243697479
0.22938894277400582,0.773109243697479,0.042298850574712644,0.773109243697479
0.23011639185257032,0.773109243697479,0.04231830726770929,0.773109243697479
0.23205625606207567,0.773109243697479,0.0423572744014733,0.773109243697479
0.23496605237633367,0.773109243697479,0.04237678489175495,0.773109243697479
0.23690591658583898,0.773109243697479,0.04241585984324574,0.773109243697479
0.23714839961202716,0.773109243697479,0.04265183124710246,0.773109243697479
0.23787584869059167,0.773109243697479,0.04311152764761012,0.773109243697479
0.23884578079534433,0.773109243697479,0.04313173933427098,0.773109243697479
0.23933074684772065,0.773109243697479,0.043151969981238276,0.773109243697479
0.24030067895247334,0.773109243697479,0.04317221961520413,0.773109243697479
0.24078564500484967,0.773109243697479,0.0431924882629108,0.773109243697479
0.24102812803103782,0.773109243697479,0.04321277595115078,0.773109243697479
0.24175557710960233,0.773109243697479,0.043233082706766915,0.773109243697479
0.244180407371484,0.773109243697479,0.043253408556652564,0.773109243697479
0.24515033947623666,0.773109243697479,0.043273753527751646,0.773109243697479
0.24563530552861298,0.773109243697479,0.04329411764705882,0.773109243697479
0.24612027158098934,0.773109243697479,0.04331450094161959,0.773109243697479
0.24660523763336567,0.773109243697479,0.04333490343853038,0.773109243697479
0.24830261881668284,0.773109243697479,0.043355325164938736,0.773109243697479
0.2502424830261882,0.773109243697479,0.04337576614804337,0.773109243697479
0.25096993210475266,0.773109243697479,0.04339622641509434,0.773109243697479
0.2519398642095053,0.773109243697479,0.04341670599339311,0.773109243697479
0.2521823472356935,0.773109243697479,0.04345772319319792,0.773109243697479
0.25266731328806985,0.773109243697479,0.043478260869565216,0.773109243697479
0.25290979631425803,0.773109243697479,0.04353999053478467,0.773109243697479
0.2536372453928225,0.773109243697479,0.043747028055159294,0.773109243697479
0.2541222114451988,0.773109243697479,0.04383039542639352,0.773109243697479
0.25630455868089236,0.773109243697479,0.044167066730676906,0.773109243697479
0.2577594568380213,0.773109243697479,0.04418828049951969,0.773109243697479
0.2594568380213385,0.773109243697479,0.044209514656415184,0.773109243697479
0.2613967022308438,0.773109243697479,0.04423076923076923,0.773109243697479
0.2623666343355965,0.773109243697479,0.04429465575349061,0.773109243697479
0.2635790494665373,0.773109243697479,0.04431599229287091,0.773109243697479
0.2638215324927255,0.773109243697479,0.044444444444444446,0.773109243697479
0.26454898157129003,0.773109243697479,0.044465925567907204,0.773109243697479
0.26503394762366633,0.773109243697479,0.04450895016932753,0.773109243697479
0.267458777885548,0.773109243697479,0.044530493707647625,0.773109243697479
0.26794374393792436,0.773109243697479,0.04455205811138015,0.773109243697479
0.26842870999030066,0.773109243697479,0.044573643410852716,0.773109243697479
0.268913676042677,0.773109243697479,0.04474708171206226,0.773109243697479
0.2696411251212415,0.773109243697479,0.044921875,0.773109243697479
0.27012609117361785,0.773109243697479,0.0449438202247191,0.773109243697479
0.27036857419980603,0.773109243697479,0.04518664047151277,0.773109243697479
0.27085354025218233,0.773109243697479,0.04558969276511397,0.773109243697479
0.2710960232783705,0.773109243697479,0.04574838388861263,0.773109243697479
0.27158098933074687,0.773109243697479,0.045793927327028375,0.773109243697479
0.2735208535402522,0.773109243697479,0.045816733067729085,0.773109243697479
0.27424830261881666,0.773109243697479,0.0458395615346288,0.773109243697479
0.274733268671193,0.773109243697479,0.045862412761714856,0.773109243697479
0.27594568380213386,0.773109243697479,0.04590818363273453,0.773109243697479
0.27667313288069834,0.773109243697479,0.04593110334498253,0.773109243697479
0.277643064985451,0.773109243697479,0.04602301150575288,0.773109243697479
0.27812803103782735,0.773109243697479,0.04604604604604605,0.773109243697479
0.27909796314258,0.773109243697479,0.04609218436873747,0.773109243697479
0.27982541222114454,0.773109243697479,0.04611528822055138,0.773109243697479
0.28006789524733267,0.773109243697479,0.04641775983854692,0.773109243697479
0.280552861299709,0.773109243697479,0.046488125315816066,0.773109243697479
0.2807953443258972,0.773109243697479,0.04653515427415276,0.773109243697479
0.2812803103782735,0.773109243697479,0.0465587044534413,0.773109243697479
0.2815227934044617,0.773109243697479,0.04660587639311044,0.773109243697479
0.2832201745877789,0.773109243697479,0.046747967479674794,0.773109243697479
0.2837051406401552,0.773109243697479,0.04677173360447382,0.773109243697479
0.2844325897187197,0.773109243697479,0.04703476482617587,0.773109243697479
0.2851600387972842,0.773109243697479,0.047058823529411764,0.773109243697479
0.28588748787584867,0.773109243697479,0.04708290685772774,0.773109243697479
0.286372453928225,0.773109243697479,0.047107014848950336,0.773109243697479
0.2870999030067895,0.773109243697479,0.0471311475409836,0.773109243697479
0.2873423860329777,0.773109243697479,0.04715530497180933,0.773109243697479
0.28782735208535404,0.773109243697479,0.04717948717948718,0.773109243697479
0.2895247332686712,0.773109243697479,0.04774260508562533,0.773109243697479
0.29122211445198837,0.773109243697479,0.04776739356178609,0.773109243697479
0.2924345295829292,0.773109243697479,0.047792207792207796,0.773109243697479
0.29413191076624634,0.773109243697479,0.04781704781704782,0.773109243697479
0.2953443258971872,0.773109243697479,0.04784191367654706,0.773109243697479
0.2960717749757517,0.773109243697479,0.04789172306090578,0.773109243697479
0.2967992240543162,0.773109243697479,0.047941636268890045,0.773109243697479
0.2984966052376334,0.773109243697479,0.047966631908237745,0.773109243697479
0.2987390882638215,0.773109243697479,0.04801670146137787,0.773109243697479
0.3004364694471387,0.773109243697479,0.04804177545691906,0.773109243697479
0.3011639185257032,0.773109243697479,0.048293963254593175,0.773109243697479
0.302376333656644,0.773109243697479,0.04831932773109244,0.773109243697479
0.30310378273520855,0.773109243697479,0.04834471886495008,0.773109243697479
0.30358874878758485,0.773109243697479,0.04842105263157895,0.773109243697479
0.30383123181377303,0.773109243697479,0.04844655081621906,0.773109243697479
0.30722599418040736,0.773109243697479,0.048497627833421195,0.773109243697479
0.30746847720659554,0.773109243697479,0.04852320675105485,0.773109243697479
0.3079534432589719,0.773109243697479,0.04854881266490765,0.773109243697479
0.30940834141610085,0.773109243697479,0.048651507139079855,0.773109243697479
0.3113482056256062,0.773109243697479,0.04867724867724868,0.773109243697479
0.31304558680892336,0.773109243697479,0.048703017469560614,0.773109243697479
0.31328806983511154,0.773109243697479,0.048728813559322036,0.773109243697479
0.3142580019398642,0.773109243697479,0.048754636989931106,0.773109243697479
0.31474296799224055,0.773109243697479,0.04878048780487805,0.773109243697479
0.3171677982541222,0.773109243697479,0.04880636604774536,0.773109243697479
0.3176527643064985,0.773109243697479,0.048884165781083955,0.773109243697479
0.31862269641125124,0.773109243697479,0.04891015417331207,0.773109243697479
0.31886517943743936,0.773109243697479,0.04893617021276596,0.773109243697479
0.3193501454898157,0.773109243697479,0.04896221394358701,0.773109243697479
0.3203200775945684,0.773109243697479,0.04898828541001065,0.773109243697479
0.32274490785645005,0.773109243697479,0.049014384656366546,0.773109243697479
0.3234723569350145,0.773109243697479,0.04906666666666667,0.773109243697479
0.32419980601357906,0.773109243697479,0.04909284951974386,0.773109243697479
0.32444228903976724,0.773109243697479,0.04911906033101975,0.773109243697479
0.3399612027158099,0.773109243697479,0.049145299145299144,0.773109243697479
0.3448108632395732,0.773109243697479,0.04917156600748263,0.773109243697479
0.34602327837051405,0.773109243697479,0.04922418405564473,0.773109243697479
0.3467507274490786,0.773109243697479,0.049276914836636314,0.773109243697479
0.34747817652764307,0.773109243697479,0.04930332261521972,0.773109243697479
0.3484481086323957,0.773109243697479,0.04935622317596566,0.773109243697479
0.3489330746847721,0.773109243697479,0.04940923737916219,0.773109243697479
0.3528128031037827,0.773109243697479,0.049435787211176786,0.773109243697479
0.35329776915615907,0.773109243697479,0.04946236559139785,0.773109243697479
0.3564500484966052,0.773109243697479,0.04948897256589564,0.773109243697479
0.35790494665373423,0.773109243697479,0.04951560818083961,0.773109243697479
0.3583899127061106,0.773109243697479,0.04954227248249865,0.773109243697479
0.3596023278370514,0.773109243697479,0.04981050351922036,0.773109243697479
0.3605722599418041,0.773109243697479,0.04983748645720477,0.773109243697479
0.3610572259941804,0.773109243697479,0.05021834061135371,0.773109243697479
0.36129970902036856,0.773109243697479,0.05032822757111598,0.773109243697479
0.3625121241513094,0.773109243697479,0.050383351588170866,0.773109243697479
0.3627546071774976,0.773109243697479,0.050605060506050605,0.773109243697479
0.36323957322987394,0.773109243697479,0.05080066261733849,0.773109243697479
0.36372453928225024,0.773109243697479,0.05088495575221239,0.773109243697479
0.3649369544131911,0.773109243697479,0.0509131156613171,0.773109243697479
0.3680892337536372,0.773109243697479,0.05094130675526024,0.773109243697479
0.36881668283220176,0.773109243697479,0.05096952908587258,0.773109243697479
0.3702715809893308,0.773109243697479,0.05174353205849269,0.773109243697479
0.3707565470417071,0.773109243697479,0.05177265053460889,0.773109243697479
0.3758486905916586,0.773109243697479,0.0518018018018018,0.773109243697479
0.3763336566440349,0.773109243697479,0.05186020293122886,0.773109243697479
0.37851600387972845,0.773109243697479,0.05188945290468133,0.773109243697479
0.3802133850630456,0.773109243697479,0.05191873589164785,0.773109243697479
0.3814258001939864,0.773109243697479,0.05194805194805195,0.773109243697479
0.38336566440349173,0.773109243697479,0.05296488198042602,0.773109243697479
0.3838506304558681,0.773109243697479,0.052995391705069124,0.773109243697479
0.38433559650824445,0.773109243697479,0.05302593659942363,0.773109243697479
0.38457807953443257,0.773109243697479,0.0530565167243368,0.773109243697479
0.39427740058195926,0.773109243697479,0.05308713214079631,0.773109243697479
0.39791464597478177,0.773109243697479,0.05355064027939464,0.773109243697479
0.3988845780795344,0.773109243697479,0.054827175208581644,0.773109243697479
0.4071290009699321,0.773109243697479,0.054859868813357186,0.773109243697479
0.40785645004849663,0.773109243697479,0.05492537313432836,0.773109243697479
0.40834141610087293,0.773109243697479,0.054958183990442055,0.773109243697479
0.4088263821532493,0.773109243697479,0.05499103407053198,0.773109243697479
0.41537342386032977,0.773109243697479,0.05525525525525526,0.773109243697479
0.41610087293889425,0.773109243697479,0.055288461538461536,0.773109243697479
0.4168283220174588,0.773109243697479,0.05532170775706555,0.773109243697479
0.4185257032007759,0.773109243697479,0.05535499398315283,0.773109243697479
0.4204655674102813,0.773109243697479,0.055388320288982544,0.773109243697479
0.4209505334626576,0.773109243697479,0.05542168674698795,0.773109243697479
0.4219204655674103,0.773109243697479,0.05565638233514821,0.773109243697479
0.42531522793404464,0.773109243697479,0.05596107055961071,0.773109243697479
0.42555771096023276,0.773109243697479,0.05599513085818624,0.773109243697479
0.42798254122211443,0.773109243697479,0.05602923264311815,0.773109243697479
0.42919495635305527,0.773109243697479,0.0567550894509562,0.773109243697479
0.4301648884578079,0.773109243697479,0.05682520074119827,0.773109243697479
0.4304073714839961,0.773109243697479,0.05703657780533168,0.773109243697479
0.43137730358874876,0.773109243697479,0.05707196029776675,0.773109243697479
0.4323472356935015,0.773109243697479,0.057107386716325266,0.773109243697479
0.4328322017458778,0.773109243697479,0.05714285714285714,0.773109243697479
0.4340446168768186,0.773109243697479,0.057608015028177834,0.773109243697479
0.43477206595538315,0.773109243697479,0.05778894472361809,0.773109243697479
0.4362269641125121,0.773109243697479,0.05782526712759271,0.773109243697479
0.4371968962172648,0.773109243697479,0.05786163522012579,0.773109243697479
0.4376818622696411,0.773109243697479,0.05793450881612091,0.773109243697479
0.4381668283220175,0.773109243697479,0.057971014492753624,0.773109243697479
0.4384093113482056,0.773109243697479,0.05815423514538559,0.773109243697479
0.43913676042677013,0.773109243697479,0.058191018342821,0.773109243697479
0.43962172647914644,0.773109243697479,0.058264724509183026,0.773109243697479
0.4420465567410281,0.773109243697479,0.058412698412698416,0.773109243697479
0.4422890397672163,0.773109243697479,0.05844980940279543,0.773109243697479
0.44277400581959264,0.773109243697479,0.05848696757787667,0.773109243697479
0.4430164888457808,0.773109243697479,0.058524173027989825,0.773109243697479
0.4439864209505335,0.773109243697479,0.05856142584341184,0.773109243697479
0.44495635305528614,0.773109243697479,0.05859872611464968,0.773109243697479
0.45053346265761396,0.773109243697479,0.058673469387755105,0.773109243697479
0.451988360814743,0.773109243697479,0.058898847631242,0.773109243697479
0.4546556741028128,0.773109243697479,0.05939315687540349,0.773109243697479
0.45489815712900095,0.773109243697479,0.059431524547803614,0.773109243697479
0.45635305528612996,0.773109243697479,0.059469941822882996,0.773109243697479
0.4568380213385063,0.773109243697479,0.06009144350097975,0.773109243697479
0.4570805043646945,0.773109243697479,0.06013071895424837,0.773109243697479
0.4575654704170708,0.773109243697479,0.060170045781556575,0.773109243697479
0.45829291949563533,0.773109243697479,0.06032786885245902,0.773109243697479
0.4614451988360815,0.773109243697479,0.06036745406824147,0.773109243697479
0.46168768186226966,0.773109243697479,0.060407091267235716,0.773109243697479
0.46217264791464596,0.773109243697479,0.06044678055190539,0.773109243697479
0.46241513094083414,0.773109243697479,0.06056616194865043,0.773109243697479
0.4633850630455868,0.773109243697479,0.0607661822985469,0.773109243697479
0.463627546071775,0.773109243697479,0.06157965194109773,0.773109243697479
0.46411251212415133,0.773109243697479,0.06433566433566433,0.773109243697479
0.4648399612027158,0.773109243697479,0.06438068579426172,0.773109243697479
0.46532492725509217,0.773109243697479,0.06451612903225806,0.773109243697479
0.4670223084384093,0.773109243697479,0.06456140350877193,0.773109243697479
0.4713870029097963,0.773109243697479,0.06460674157303371,0.773109243697479
0.47405431619786614,0.773109243697479,0.0646521433591005,0.773109243697479
0.4742967992240543,0.773109243697479,0.06510969568294409,0.773109243697479
0.478176527643065,0.773109243697479,0.06515580736543909,0.773109243697479
0.4789039767216295,0.773109243697479,0.06520198440822111,0.773109243697479
0.47938894277400584,0.773109243697479,0.06524822695035461,0.773109243697479
0.47963142580019397,0.773109243697479,0.06529453513129879,0.773109243697479
0.481086323957323,0.773109243697479,0.06538734896943853,0.773109243697479
0.48132880698351116,0.773109243697479,0.06543385490753911,0.773109243697479
0.48205625606207564,0.773109243697479,0.06562054208273894,0.773109243697479
0.4827837051406402,0.773109243697479,0.06566738044254104,0.773109243697479
0.4866634335596508,0.773109243697479,0.06571428571428571,0.773109243697479
0.4876333656644035,0.773109243697479,0.06618705035971223,0.773109243697479
0.49005819592628513,0.773109243697479,0.06623470122390208,0.773109243697479
0.49078564500484967,0.773109243697479,0.06628242074927954,0.773109243697479
0.49102812803103785,0.773109243697479,0.06637806637806638,0.773109243697479
0.49151309408341415,0.773109243697479,0.06647398843930635,0.773109243697479
0.49515033947623666,0.773109243697479,0.06652205350686913,0.773109243697479
0.5007274490785645,0.773109243697479,0.06686046511627906,0.773109243697479
0.5036372453928225,0.773109243697479,0.06725146198830409,0.773109243697479
0.5041222114451989,0.773109243697479,0.06754772393538913,0.773109243697479
0.504364694471387,0.773109243697479,0.06764705882352941,0.773109243697479
0.5048496605237633,0.773109243697479,0.06769683590875644,0.773109243697479
0.5055771096023278,0.773109243697479,0.06840148698884758,0.773109243697479
0.5070320077594569,0.773109243697479,0.06845238095238096,0.773109243697479
0.5077594568380214,0.773109243697479,0.06855439642324888,0.773109243697479
0.508729388942774,0.773109243697479,0.0686055182699478,0.773109243697479
0.5092143549951503,0.773109243697479,0.06865671641791045,0.773109243697479
0.5099418040737148,0.773109243697479,0.06870799103808813,0.773109243697479
0.5104267701260912,0.773109243697479,0.06896551724137931,0.773109243697479
0.5121241513094084,0.773109243697479,0.0690172543135784,0.773109243697479
0.5128516003879728,0.773109243697479,0.06906906906906907,0.773109243697479
0.5138215324927256,0.773109243697479,0.06912096168294515,0.773109243697479
0.5150339476236664,0.773109243697479,0.06948640483383686,0.773109243697479
0.5155189136760426,0.773109243697479,0.06953892668178382,0.773109243697479
0.5162463627546072,0.773109243697479,0.06990881458966565,0.773109243697479
0.5167313288069835,0.773109243697479,0.0699619771863118,0.773109243697479
0.5172162948593598,0.773109243697479,0.0700152207001522,0.773109243697479
0.5179437439379243,0.773109243697479,0.07006854531607007,0.773109243697479
0.5186711930164889,0.773109243697479,0.07022900763358779,0.773109243697479
0.518913676042677,0.773109243697479,0.07049808429118774,0.773109243697479
0.5193986420950534,0.773109243697479,0.07087827426810478,0.773109243697479
0.5235208535402521,0.773109243697479,0.07093292212798766,0.773109243697479
0.5240058195926285,0.773109243697479,0.07098765432098765,0.773109243697479
0.5244907856450048,0.773109243697479,0.07104247104247104,0.773109243697479
0.524733268671193,0.773109243697479,0.07109737248840804,0.773109243697479
0.5307953443258971,0.773109243697479,0.0711523588553751,0.773109243697479
0.5310378273520854,0.773109243697479,0.07153965785381027,0.773109243697479
0.5324927255092143,0.773109243697479,0.0715953307392996,0.773109243697479
0.5329776915615907,0.773109243697479,0.07165109034267912,0.773109243697479
0.533462657613967,0.773109243697479,0.07170693686671863,0.773109243697479
0.5341901066925315,0.773109243697479,0.0717628705148206,0.773109243697479
0.5346750727449079,0.773109243697479,0.07181889149102264,0.773109243697479
0.5354025218234724,0.773109243697479,0.071875,0.773109243697479
0.5361299709020368,0.773109243697479,0.07193119624706802,0.773109243697479
0.5373423860329777,0.773109243697479,0.07204385277995301,0.773109243697479
0.537827352085354,0.773109243697479,0.07210031347962383,0.773109243697479
0.5385548011639185,0.773109243697479,0.07227022780832679,0.773109243697479
0.539282250242483,0.773109243697479,0.07238394964594808,0.773109243697479
0.5404946653734238,0.773109243697479,0.07244094488188976,0.773109243697479
0.5409796314258002,0.773109243697479,0.07249802994483845,0.773109243697479
0.5419495635305529,0.773109243697479,0.07255520504731862,0.773109243697479
0.5424345295829291,0.773109243697479,0.07272727272727272,0.773109243697479
0.5429194956353055,0.773109243697479,0.07278481012658228,0.773109243697479
0.5431619786614937,0.773109243697479,0.0728424386381631,0.773109243697479
0.5475266731328807,0.773109243697479,0.07290015847860538,0.773109243697479
0.5489815712900097,0.773109243697479,0.07301587301587302,0.773109243697479
0.5504364694471388,0.773109243697479,0.07342378292098962,0.773109243697479
0.5506789524733269,0.773109243697479,0.07348242811501597,0.773109243697479
0.553831231813773,0.773109243697479,0.0736,0.773109243697479
0.5545586808923375,0.773109243697479,0.07365892714171338,0.773109243697479
0.555286129970902,0.773109243697479,0.07377706495589414,0.773109243697479
0.5557710960232783,0.773109243697479,0.0738362760834671,0.773109243697479
0.5572259941804074,0.773109243697479,0.07401448109412712,0.773109243697479
0.5591658583899127,0.773109243697479,0.07407407407407407,0.773109243697479
0.5596508244422891,0.773109243697479,0.07413376309427881,0.773109243697479
0.5598933074684772,0.773109243697479,0.07419354838709677,0.773109243697479
0.5606207565470417,0.773109243697479,0.07425343018563357,0.773109243697479
0.5608632395732299,0.773109243697479,0.07437348423605497,0.773109243697479
0.5620756547041708,0.773109243697479,0.0746147607461476,0.773109243697479
0.562560620756547,0.773109243697479,0.07467532467532467,0.773109243697479
0.5630455868089234,0.773109243697479,0.07473598700243704,0.773109243697479
0.5642580019398642,0.773109243697479,0.07479674796747968,0.773109243697479
0.5647429679922406,0.773109243697479,0.07510204081632653,0.773109243697479
0.5649854510184287,0.773109243697479,0.07516339869281045,0.773109243697479
0.5659553831231814,0.773109243697479,0.07522485690923958,0.773109243697479
0.5666828322017459,0.773109243697479,0.07540983606557378,0.773109243697479
0.5720174587778856,0.773109243697479,0.07547169811320754,0.773109243697479
0.5768671193016489,0.773109243697479,0.0755336617405583,0.773109243697479
0.5778370514064015,0.773109243697479,0.07559572719802794,0.773109243697479
0.5792919495635306,0.773109243697479,0.0756578947368421,0.773109243697479
0.5795344325897187,0.773109243697479,0.0757201646090535,0.773109243697479
0.5800193986420951,0.773109243697479,0.0757825370675453,0.773109243697479
0.5802618816682832,0.773109243697479,0.07584501236603462,0.773109243697479
0.5897187196896218,0.773109243697479,0.07590759075907591,0.773109243697479
0.5902036857419981,0.773109243697479,0.07603305785123966,0.773109243697479
0.5909311348205626,0.773109243697479,0.076095947063689,0.773109243697479
0.5914161008729389,0.773109243697479,0.07622203811101906,0.773109243697479
0.6105722599418041,0.773109243697479,0.07628524046434494,0.773109243697479
0.6108147429679922,0.773109243697479,0.07641196013289037,0.773109243697479
0.6117846750727449,0.773109243697479,0.07647547797173733,0.773109243697479
0.6134820562560621,0.773109243697479,0.07653910149750416,0.773109243697479
0.6399127061105723,0.773109243697479,0.07660283097418817,0.773109243697479
0.6403976721629486,0.773109243697479,0.07673060884070058,0.773109243697479
0.6406401551891368,0.773109243697479,0.07679465776293823,0.773109243697479
0.6416100872938895,0.773109243697479,0.07685881370091896,0.773109243697479
0.6433074684772065,0.773109243697479,0.07698744769874477,0.773109243697479
0.6442774005819593,0.773109243697479,0.07705192629815745,0.773109243697479
0.6445198836081474,0.773109243697479,0.07711651299245599,0.773109243697479
0.6450048496605237,0.773109243697479,0.07718120805369127,0.773109243697479
0.645247332686712,0.773109243697479,0.07724601175482787,0.773109243697479
0.6467022308438409,0.773109243697479,0.0773109243697479,0.773109243697479
0.6483996120271581,0.773109243697479,0.07737594617325484,0.773109243697479
0.649612027158099,0.773109243697479,0.07744107744107744,0.773109243697479
0.6517943743937924,0.773109243697479,0.07750631844987363,0.773109243697479
0.6556741028128031,0.773109243697479,0.0775716694772344,0.773109243697479
0.6607662463627546,0.773109243697479,0.07763713080168777,0.773109243697479
0.6610087293889427,0.773109243697479,0.07776838546069316,0.773109243697479
0.6619786614936954,0.773109243697479,0.07796610169491526,0.773109243697479
0.6627061105722599,0.773109243697479,0.07803223070398643,0.773109243697479
0.6631910766246363,0.773109243697479,0.07836456558773425,0.773109243697479
0.6651309408341416,0.773109243697479,0.0784313725490196,0.773109243697479
0.6653734238603298,0.773109243697479,0.07849829351535836,0.773109243697479
0.6702230843840931,0.773109243697479,0.07856532877882152,0.773109243697479
0.672890397672163,0.773109243697479,0.07863247863247863,0.773109243697479
0.6733753637245393,0.773109243697479,0.07917383820998279,0.773109243697479
0.6741028128031038,0.773109243697479,0.07965367965367966,0.773109243697479
0.6821047526673133,0.773109243697479,0.07972270363951472,0.773109243697479
0.6825897187196897,0.773109243697479,0.0797918473547268,0.773109243697479
0.6828322017458778,0.773109243697479,0.0798611111111111,0.773109243697479
0.7010184287099903,0.773109243697479,0.07993049522154648,0.773109243697479
0.703443258971872,0.773109243697479,0.08,0.773109243697479
0.7136275460717749,0.773109243697479,0.08006962576153177,0.773109243697479
0.7138700290979632,0.773109243697479,0.08070175438596491,0.773109243697479
0.7230843840931135,0.773109243697479,0.08077260755048288,0.773109243697479
0.7235693501454898,0.773109243697479,0.08084358523725835,0.773109243697479
0.7274490785645005,0.773109243697479,0.08105726872246696,0.773109243697479
0.7279340446168768,0.773109243697479,0.08112874779541446,0.773109243697479
0.73545101842871,0.773109243697479,0.0812720848056537,0.773109243697479
0.7378758486905916,0.773109243697479,0.08134394341290893,0.773109243697479
0.7381183317167799,0.773109243697479,0.08163265306122448,0.773109243697479
0.7434529582929195,0.773109243697479,0.08170515097690942,0.773109243697479
0.7449078564500485,0.773109243697479,0.08177777777777778,0.773109243697479
0.758729388942774,0.773109243697479,0.08185053380782918,0.773109243697479
0.7589718719689622,0.773109243697479,0.08243727598566308,0.773109243697479
0.7626091173617847,0.773109243697479,0.08251121076233184,0.773109243697479
0.7686711930164889,0.773109243697479,0.08258527827648116,0.773109243697479
0.7744907856450048,0.773109243697479,0.08265947888589398,0.773109243697479
0.7754607177497576,0.773109243697479,0.08273381294964029,0.773109243697479
0.7759456838021338,0.773109243697479,0.08280828082808281,0.773109243697479
0.7769156159068865,0.773109243697479,0.08288288288288288,0.773109243697479
0.9197381183317168,0.7815126050420168,0.0829576194770063,0.773109243697479
0.9510184287099903,0.7815126050420168,0.08310749774164408,0.773109243697479
0.9541707080504365,0.7815126050420168,0.08318264014466546,0.773109243697479
0.9544131910766246,0.7815126050420168,0.0832579185520362,0.773109243697479
0.954898157129001,0.7815126050420168,0.08340888485947416,0.773109243697479
0.9997575169738119,0.7815126050420168,0.08371246587807098,0.773109243697479
0.9997575169738119,0.9915966386554622,0.08378870673952642,0.773109243697479
1.0,0.9915966386554622,0.08386508659981769,0.773109243697479
1.0,1.0,0.08394160583941605,0.773109243697479
,,0.08401826484018265,0.773109243697479
,,0.08409506398537477,0.773109243697479
,,0.08417200365965233,0.773109243697479
,,0.08424908424908426,0.773109243697479
,,0.0843263061411549,0.773109243697479
,,0.08440366972477065,0.773109243697479
,,0.0844811753902663,0.773109243697479
,,0.0847145488029466,0.773109243697479
,,0.0847926267281106,0.773109243697479
,,0.08494921514312095,0.773109243697479
,,0.08502772643253234,0.773109243697479
,,0.0851063829787234,0.773109243697479
,,0.08518518518518518,0.773109243697479
,,0.08526413345690455,0.773109243697479
,,0.08542246982358404,0.773109243697479
,,0.08574091332712022,0.773109243697479
,,0.08598130841121496,0.773109243697479
,,0.08606173994387278,0.773109243697479
,,0.08671065032987747,0.773109243697479
,,0.08679245283018867,0.773109243697479
,,0.08687440982058546,0.773109243697479
,,0.08695652173913043,0.773109243697479
,,0.08703878902554399,0.773109243697479
,,0.08712121212121213,0.773109243697479
,,0.08720379146919431,0.773109243697479
,,0.0872865275142315,0.773109243697479
,,0.08736942070275404,0.773109243697479
,,0.08745247148288973,0.773109243697479
,,0.08753568030447194,0.773109243697479
,,0.08761904761904762,0.773109243697479
,,0.0877025738798856,0.773109243697479
,,0.08837656099903939,0.773109243697479
,,0.08846153846153847,0.773109243697479
,,0.08854667949951876,0.773109243697479
,,0.08863198458574181,0.773109243697479
,,0.0888030888030888,0.773109243697479
,,0.08888888888888889,0.773109243697479
,,0.08897485493230174,0.773109243697479
,,0.08906098741529525,0.773109243697479
,,0.08914728682170543,0.773109243697479
,,0.0892337536372454,0.773109243697479
,,0.08932038834951456,0.773109243697479
,,0.08940719144800778,0.773109243697479
,,0.08949416342412451,0.773109243697479
,,0.08958130477117819,0.773109243697479
,,0.08966861598440545,0.773109243697479
,,0.0897560975609756,0.773109243697479
,,0.08984375,0.773109243697479
,,0.08993157380254155,0.773109243697479
,,0.09001956947162426,0.773109243697479
,,0.0901077375122429,0.773109243697479
,,0.09019607843137255,0.773109243697479
,,0.09037328094302555,0.773109243697479
,,0.09046214355948869,0.773109243697479
,,0.09055118110236221,0.773109243697479
,,0.09099901088031652,0.773109243697479
,,0.09108910891089109,0.773109243697479
,,0.09117938553022795,0.773109243697479
,,0.09126984126984126,0.773109243697479
,,0.0913604766633565,0.773109243697479
,,0.09145129224652088,0.773109243697479
,,0.09154228855721393,0.773109243697479
,,0.09181636726546906,0.773109243697479
,,0.0919080919080919,0.773109243697479
,,0.092,0.773109243697479
,,0.0920920920920921,0.773109243697479
,,0.09218436873747494,0.773109243697479
,,0.09227683049147442,0.773109243697479
,,0.0925553319919517,0.773109243697479
,,0.09264853977844914,0.773109243697479
,,0.09274193548387097,0.773109243697479
,,0.09283551967709384,0.773109243697479
,,0.09292929292929293,0.773109243697479
,,0.09302325581395349,0.773109243697479
,,0.0931174089068826,0.773109243697479
,,0.09349593495934959,0.773109243697479
,,0.0935910478128179,0.773109243697479
,,0.09368635437881874,0.773109243697479
,,0.09378185524974515,0.773109243697479
,,0.09387755102040816,0.773109243697479
,,0.0942622950819672,0.773109243697479
,,0.09435897435897436,0.773109243697479
,,0.0944558521560575,0.773109243697479
,,0.09455292908530319,0.773109243697479
,,0.09474768280123584,0.773109243697479
,,0.09494324045407637,0.773109243697479
,,0.09513960703205791,0.773109243697479
,,0.09523809523809523,0.773109243697479
,,0.09533678756476684,0.773109243697479
,,0.0954356846473029,0.773109243697479
,,0.09583333333333334,0.773109243697479
,,0.09603340292275574,0.773109243697479
,,0.0961337513061651,0.773109243697479
,,0.09623430962343096,0.773109243697479
,,0.09633507853403141,0.773109243697479
,,0.0970464135021097,0.773109243697479
,,0.09714889123548047,0.773109243697479
,,0.09725158562367865,0.773109243697479
,,0.09735449735449736,0.773109243697479
,,0.09745762711864407,0.773109243697479
,,0.09808102345415778,0.773109243697479
,,0.09818569903948772,0.773109243697479
,,0.09829059829059829,0.773109243697479
,,0.09839572192513368,0.773109243697479
,,0.09860664523043944,0.773109243697479
,,0.09871244635193133,0.773109243697479
,,0.09881847475832438,0.773109243697479
,,0.09924487594390508,0.773109243697479
,,0.09956709956709957,0.773109243697479
,,0.09978308026030369,0.773109243697479
,,0.10032715376226826,0.773109243697479
,,0.10043668122270742,0.773109243697479
,,0.10065645514223195,0.773109243697479
,,0.10121012101210121,0.773109243697479
,,0.1013215859030837,0.773109243697479
,,0.10143329658213891,0.773109243697479
,,0.10188261351052048,0.773109243697479
,,0.10199556541019955,0.773109243697479
,,0.10210876803551609,0.773109243697479
,,0.10233592880978866,0.773109243697479
,,0.10279329608938548,0.773109243697479
,,0.10337078651685393,0.773109243697479
,,0.1036036036036036,0.773109243697479
,,0.10372040586245772,0.773109243697479
,,0.1038374717832957,0.773109243697479
,,0.103954802259887,0.773109243697479
,,0.10407239819004525,0.773109243697479
,,0.10419026047565119,0.773109243697479
,,0.10442678774120318,0.773109243697479
,,0.10454545454545454,0.773109243697479
,,0.10478359908883828,0.773109243697479
,,0.10490307867730901,0.773109243697479
,,0.1050228310502283,0.773109243697479
,,0.10514285714285715,0.773109243697479
,,0.10526315789473684,0.773109243697479
,,0.10574712643678161,0.773109243697479
,,0.10586881472957423,0.773109243697479
,,0.1061130334486736,0.773109243697479
,,0.10623556581986143,0.773109243697479
,,0.10635838150289018,0.773109243697479
,,0.10648148148148148,0.773109243697479
,,0.10660486674391657,0.773109243697479
,,0.10672853828306264,0.773109243697479
,,0.10685249709639953,0.773109243697479
,,0.10710128055878929,0.773109243697479
,,0.10722610722610723,0.773109243697479
,,0.1073512252042007,0.773109243697479
,,0.10747663551401869,0.773109243697479
,,0.10772833723653395,0.773109243697479
,,0.10785463071512309,0.773109243697479
,,0.107981220657277,0.773109243697479
,,0.10810810810810811,0.773109243697479
,,0.10823529411764705,0.773109243697479
,,0.10836277974087162,0.773109243697479
,,0.10849056603773585,0.773109243697479
,,0.10861865407319952,0.773109243697479
,,0.10874704491725769,0.773109243697479
,,0.10900473933649289,0.773109243697479
,,0.10913404507710557,0.773109243697479
,,0.10926365795724466,0.773109243697479
,,0.10952380952380952,0.773109243697479
,,0.10965435041716329,0.773109243697479
,,0.10978520286396182,0.773109243697479
,,0.10991636798088411,0.773109243697479
,,0.11004784688995216,0.773109243697479
,,0.11017964071856287,0.773109243697479
,,0.11031175059952038,0.773109243697479
,,0.11044417767106843,0.773109243697479
,,0.11057692307692307,0.773109243697479
,,0.11070998796630566,0.773109243697479
,,0.1108433734939759,0.773109243697479
,,0.11097708082026538,0.773109243697479
,,0.1111111111111111,0.773109243697479
,,0.11124546553808948,0.773109243697479
,,0.11138014527845036,0.773109243697479
,,0.11165048543689321,0.773109243697479
,,0.1117861482381531,0.773109243697479
,,0.11192214111922141,0.773109243697479
,,0.1120584652862363,0.773109243697479
,,0.11219512195121951,0.773109243697479
,,0.11233211233211234,0.773109243697479
,,0.11246943765281174,0.773109243697479
,,0.11260709914320685,0.773109243697479
,,0.11274509803921569,0.773109243697479
,,0.11288343558282209,0.773109243697479
,,0.11302211302211303,0.773109243697479
,,0.11316113161131611,0.773109243697479
,,0.11330049261083744,0.773109243697479
,,0.11344019728729964,0.773109243697479
,,0.11372064276885044,0.773109243697479
,,0.11386138613861387,0.773109243697479
,,0.11428571428571428,0.773109243697479
,,0.11457036114570361,0.773109243697479
,,0.11471321695760599,0.773109243697479
,,0.11485642946317104,0.773109243697479
,,0.11572327044025157,0.773109243697479
,,0.11601513240857503,0.773109243697479
,,0.11616161616161616,0.773109243697479
,,0.11630847029077118,0.773109243697479
,,0.11645569620253164,0.773109243697479
,,0.116751269035533,0.773109243697479
,,0.11689961880559085,0.773109243697479
,,0.11704834605597965,0.773109243697479
,,0.11719745222929936,0.773109243697479
,,0.11734693877551021,0.773109243697479
,,0.11749680715197956,0.773109243697479
,,0.11764705882352941,0.773109243697479
,,0.117797695262484,0.773109243697479
,,0.11794871794871795,0.773109243697479
,,0.11810012836970475,0.773109243697479
,,0.11825192802056556,0.773109243697479
,,0.11840411840411841,0.773109243697479
,,0.11870967741935484,0.773109243697479
,,0.11886304909560723,0.773109243697479
,,0.11901681759379043,0.773109243697479
,,0.11917098445595854,0.773109243697479
,,0.11932555123216602,0.773109243697479
,,0.11979166666666667,0.773109243697479
,,0.11994784876140809,0.773109243697479
,,0.12010443864229765,0.773109243697479
,,0.12026143790849673,0.773109243697479
,,0.12041884816753927,0.773109243697479
,,0.12057667103538663,0.773109243697479
,,0.12073490813648294,0.773109243697479
,,0.12089356110381078,0.773109243697479
,,0.12105263157894737,0.773109243697479
,,0.12121212121212122,0.773109243697479
,,0.12137203166226913,0.773109243697479
,,0.1215323645970938,0.773109243697479
,,0.12169312169312169,0.773109243697479
,,0.12185430463576159,0.773109243697479
,,0.1220159151193634,0.773109243697479
,,0.12217795484727756,0.773109243697479
,,0.12234042553191489,0.773109243697479
,,0.12250332889480692,0.773109243697479
,,0.12266666666666666,0.773109243697479
,,0.12283044058744993,0.773109243697479
,,0.12299465240641712,0.773109243697479
,,0.12315930388219545,0.773109243697479
,,0.12332439678284182,0.773109243697479
,,0.12348993288590604,0.773109243697479
,,0.12365591397849462,0.773109243697479
,,0.12382234185733512,0.773109243697479
,,0.12398921832884097,0.773109243697479
,,0.1241565452091768,0.773109243697479
,,0.12432432432432433,0.773109243697479
,,0.12449255751014884,0.773109243697479
,,0.12466124661246612,0.773109243697479
,,0.1248303934871099,0.773109243697479
,,0.125,0.773109243697479
,,0.1251700680272109,0.773109243697479
,,0.12534059945504086,0.773109243697479
,,0.12551159618008187,0.773109243697479
,,0.12568306010928962,0.773109243697479
,,0.12585499316005472,0.773109243697479
,,0.1262002743484225,0.773109243697479
,,0.12637362637362637,0.773109243697479
,,0.1265474552957359,0.773109243697479
,,0.12672176308539945,0.773109243697479
,,0.12689655172413794,0.773109243697479
,,0.1270718232044199,0.773109243697479
,,0.1272475795297372,0.773109243697479
,,0.12742382271468145,0.773109243697479
,,0.1276005547850208,0.773109243697479
,,0.12777777777777777,0.773109243697479
,,0.12795549374130738,0.773109243697479
,,0.12813370473537605,0.773109243697479
,,0.12831241283124128,0.773109243697479
,,0.12849162011173185,0.773109243697479
,,0.12867132867132866,0.773109243697479
,,0.12885154061624648,0.773109243697479
,,0.12903225806451613,0.773109243697479
,,0.12921348314606743,0.773109243697479
,,0.12939521800281295,0.773109243697479
,,0.1295774647887324,0.773109243697479
,,0.12976022566995768,0.773109243697479
,,0.12994350282485875,0.773109243697479
,,0.13012729844413012,0.773109243697479
,,0.13031161473087818,0.773109243697479
,,0.13049645390070921,0.773109243697479
,,0.13068181818181818,0.773109243697479
,,0.13086770981507823,0.773109243697479
,,0.1312410841654779,0.773109243697479
,,0.13142857142857142,0.773109243697479
,,0.13161659513590845,0.773109243697479
,,0.13237410071942446,0.773109243697479
,,0.13256484149855907,0.773109243697479
,,0.13275613275613277,0.773109243697479
,,0.1329479768786127,0.773109243697479
,,0.13314037626628075,0.773109243697479
,,0.13333333333333333,0.773109243697479
,,0.13352685050798258,0.773109243697479
,,0.13372093023255813,0.773109243697479
,,0.1339155749636099,0.773109243697479
,,0.13411078717201166,0.773109243697479
,,0.1343065693430657,0.773109243697479
,,0.13450292397660818,0.773109243697479
,,0.13469985358711567,0.773109243697479
,,0.1348973607038123,0.773109243697479
,,0.13509544787077826,0.773109243697479
,,0.13529411764705881,0.773109243697479
,,0.13549337260677466,0.773109243697479
,,0.13569321533923304,0.773109243697479
,,0.1358936484490399,0.773109243697479
,,0.13609467455621302,0.773109243697479
,,0.1362962962962963,0.773109243697479
,,0.13649851632047477,0.773109243697479
,,0.13670133729569092,0.773109243697479
,,0.13690476190476192,0.773109243697479
,,0.13710879284649777,0.773109243697479
,,0.1373134328358209,0.773109243697479
,,0.1375186846038864,0.773109243697479
,,0.1377245508982036,0.773109243697479
,,0.13793103448275862,0.773109243697479
,,0.13813813813813813,0.773109243697479
,,0.13834586466165413,0.773109243697479
,,0.13855421686746988,0.773109243697479
,,0.138763197586727,0.773109243697479
,,0.13897280966767372,0.773109243697479
,,0.1393939393939394,0.773109243697479
,,0.13960546282245828,0.773109243697479
,,0.1400304414003044,0.773109243697479
,,0.1402439024390244,0.773109243697479
,,0.14045801526717558,0.773109243697479
,,0.14067278287461774,0.773109243697479
,,0.14088820826952528,0.773109243697479
,,0.1411042944785276,0.773109243697479
,,0.141321044546851,0.773109243697479
,,0.14153846153846153,0.773109243697479
,,0.14175654853620956,0.773109243697479
,,0.1419753086419753,0.773109243697479
,,0.14219474497681608,0.773109243697479
,,0.14241486068111456,0.773109243697479
,,0.14263565891472868,0.773109243697479
,,0.14285714285714285,0.773109243697479
,,0.14330218068535824,0.773109243697479
,,0.1435257410296412,0.773109243697479
,,0.14375,0.773109243697479
,,0.14397496087636932,0.773109243697479
,,0.14420062695924765,0.773109243697479
,,0.14442700156985872,0.773109243697479
,,0.14465408805031446,0.773109243697479
,,0.14488188976377953,0.773109243697479
,,0.14511041009463724,0.773109243697479
,,0.14533965244865718,0.773109243697479
,,0.14556962025316456,0.773109243697479
,,0.14580031695721077,0.773109243697479
,,0.14603174603174604,0.773109243697479
,,0.14626391096979333,0.773109243697479
,,0.1464968152866242,0.773109243697479
,,0.1467304625199362,0.773109243697479
,,0.14696485623003194,0.773109243697479
,,0.1472,0.773109243697479
,,0.14743589743589744,0.773109243697479
,,0.1476725521669342,0.773109243697479
,,0.14790996784565916,0.773109243697479
,,0.14814814814814814,0.773109243697479
,,0.14862681744749595,0.773109243697479
,,0.1488673139158576,0.773109243697479
,,0.14910858995137763,0.773109243697479
,,0.14935064935064934,0.773109243697479
,,0.14959349593495935,0.773109243697479
,,0.1500815660685155,0.773109243697479
,,0.1503267973856209,0.773109243697479
,,0.15057283142389524,0.773109243697479
,,0.15081967213114755,0.773109243697479
,,0.1510673234811166,0.773109243697479
,,0.1513157894736842,0.773109243697479
,,0.1515650741350906,0.773109243697479
,,0.15181518151815182,0.773109243697479
,,0.15206611570247933,0.773109243697479
,,0.152317880794702,0.773109243697479
,,0.15257048092868988,0.773109243697479
,,0.15282392026578073,0.773109243697479
,,0.15307820299500832,0.773109243697479
,,0.15333333333333332,0.773109243697479
,,0.15358931552587646,0.773109243697479
,,0.15384615384615385,0.773109243697479
,,0.1541038525963149,0.773109243697479
,,0.15436241610738255,0.773109243697479
,,0.1546218487394958,0.773109243697479
,,0.15488215488215487,0.773109243697479
,,0.1551433389544688,0.773109243697479
,,0.1554054054054054,0.773109243697479
,,0.155668358714044,0.773109243697479
,,0.15593220338983052,0.773109243697479
,,0.1564625850340136,0.773109243697479
,,0.1567291311754685,0.773109243697479
,,0.15699658703071673,0.773109243697479
,,0.15726495726495726,0.773109243697479
,,0.15753424657534246,0.773109243697479
,,0.15780445969125215,0.773109243697479
,,0.15807560137457044,0.773109243697479
,,0.15834767641996558,0.773109243697479
,,0.15862068965517243,0.773109243697479
,,0.15889464594127806,0.773109243697479
,,0.15916955017301038,0.773109243697479
,,0.15944540727902945,0.773109243697479
,,0.1597222222222222,0.773109243697479
,,0.16,0.773109243697479
,,0.1602787456445993,0.773109243697479
,,0.16055846422338568,0.773109243697479
,,0.16083916083916083,0.773109243697479
,,0.16112084063047286,0.773109243697479
,,0.16140350877192983,0.773109243697479
,,0.1616871704745167,0.773109243697479
,,0.1619718309859155,0.773109243697479
,,0.16225749559082892,0.773109243697479
,,0.1625441696113074,0.773109243697479
,,0.16283185840707964,0.773109243697479
,,0.16312056737588654,0.773109243697479
,,0.16341030195381884,0.773109243697479
,,0.16399286987522282,0.773109243697479
,,0.16428571428571428,0.773109243697479
,,0.16457960644007155,0.773109243697479
,,0.16487455197132617,0.773109243697479
,,0.1651705565529623,0.773109243697479
,,0.16546762589928057,0.773109243697479
,,0.16576576576576577,0.773109243697479
,,0.16606498194945848,0.773109243697479
,,0.16636528028933092,0.773109243697479
,,0.16666666666666666,0.773109243697479
,,0.16696914700544466,0.773109243697479
,,0.16727272727272727,0.773109243697479
,,0.16757741347905283,0.773109243697479
,,0.1678832116788321,0.773109243697479
,,0.16819012797074953,0.773109243697479
,,0.1684981684981685,0.773109243697479
,,0.1688073394495413,0.773109243697479
,,0.16911764705882354,0.773109243697479
,,0.1694290976058932,0.773109243697479
,,0.16974169741697417,0.773109243697479
,,0.17005545286506468,0.773109243697479
,,0.17037037037037037,0.773109243697479
,,0.17068645640074212,0.773109243697479
,,0.17100371747211895,0.773109243697479
,,0.1713221601489758,0.773109243697479
,,0.17164179104477612,0.773109243697479
,,0.17196261682242991,0.773109243697479
,,0.17228464419475656,0.773109243697479
,,0.1726078799249531,0.773109243697479
,,0.17293233082706766,0.773109243697479
,,0.17325800376647835,0.773109243697479
,,0.17358490566037735,0.773109243697479
,,0.17391304347826086,0.773109243697479
,,0.174573055028463,0.773109243697479
,,0.17490494296577946,0.773109243697479
,,0.17523809523809525,0.773109243697479
,,0.17590822179732313,0.773109243697479
,,0.17624521072796934,0.773109243697479
,,0.1765834932821497,0.773109243697479
,,0.17692307692307693,0.773109243697479
,,0.17726396917148363,0.773109243697479
,,0.1776061776061776,0.773109243697479
,,0.17794970986460348,0.773109243697479
,,0.1786407766990291,0.773109243697479
,,0.17898832684824903,0.773109243697479
,,0.1793372319688109,0.773109243697479
,,0.1796875,0.773109243697479
,,0.18003913894324852,0.773109243697479
,,0.1803921568627451,0.773109243697479
,,0.1807465618860511,0.773109243697479
,,0.18110236220472442,0.773109243697479
,,0.18217821782178217,0.773109243697479
,,0.18253968253968253,0.773109243697479
,,0.18290258449304175,0.773109243697479
,,0.18326693227091634,0.773109243697479
,,0.18548387096774194,0.773109243697479
,,0.18585858585858586,0.773109243697479
,,0.1862348178137652,0.773109243697479
,,0.18699186991869918,0.773109243697479
,,0.18737270875763748,0.773109243697479
,,0.18775510204081633,0.773109243697479
,,0.18813905930470348,0.773109243697479
,,0.1885245901639344,0.773109243697479
,,0.188911704312115,0.773109243697479
,,0.18930041152263374,0.773109243697479
,,0.18969072164948453,0.773109243697479
,,0.19008264462809918,0.773109243697479
,,0.19047619047619047,0.773109243697479
,,0.1908713692946058,0.773109243697479
,,0.19126819126819128,0.773109243697479
,,0.19166666666666668,0.773109243697479
,,0.19206680584551147,0.773109243697479
,,0.19246861924686193,0.773109243697479
,,0.1936842105263158,0.773109243697479
,,0.1940928270042194,0.773109243697479
,,0.1945031712473573,0.773109243697479
,,0.19491525423728814,0.773109243697479
,,0.19532908704883228,0.773109243697479
,,0.19574468085106383,0.773109243697479
,,0.19616204690831557,0.773109243697479
,,0.19658119658119658,0.773109243697479
,,0.17362637362637362,0.6638655462184874
,,0.17713004484304934,0.6638655462184874
,,0.17752808988764046,0.6638655462184874
,,0.17792792792792791,0.6638655462184874
,,0.15898617511520738,0.5798319327731093
,,0.15935334872979215,0.5798319327731093
,,0.1597222222222222,0.5798319327731093
,,0.1558139534883721,0.5630252100840336
,,0.1561771561771562,0.5630252100840336
,,0.15654205607476634,0.5630252100840336
,,0.15690866510538642,0.5630252100840336
,,0.1572769953051643,0.5630252100840336
,,0.15764705882352942,0.5630252100840336
,,0.1580188679245283,0.5630252100840336
,,0.15839243498817968,0.5630252100840336
,,0.15876777251184834,0.5630252100840336
,,0.15914489311163896,0.5630252100840336
,,0.16028708133971292,0.5630252100840336
,,0.1606714628297362,0.5630252100840336
,,0.16105769230769232,0.5630252100840336
,,0.1614457831325301,0.5630252100840336
,,0.16183574879227053,0.5630252100840336
,,0.162227602905569,0.5630252100840336
,,0.16262135922330098,0.5630252100840336
,,0.16341463414634147,0.5630252100840336
,,0.16381418092909536,0.5630252100840336
,,0.1642156862745098,0.5630252100840336
,,0.16461916461916462,0.5630252100840336
,,0.16502463054187191,0.5630252100840336
,,0.1654320987654321,0.5630252100840336
,,0.16584158415841585,0.5630252100840336
,,0.1662531017369727,0.5630252100840336
,,0.16666666666666666,0.5630252100840336
,,0.16708229426433915,0.5630252100840336
,,0.1675,0.5630252100840336
,,0.16791979949874686,0.5630252100840336
,,0.16834170854271358,0.5630252100840336
,,0.16876574307304787,0.5630252100840336
,,0.1691919191919192,0.5630252100840336
,,0.16962025316455695,0.5630252100840336
,,0.1717948717948718,0.5630252100840336
,,0.17223650385604114,0.5630252100840336
,,0.17268041237113402,0.5630252100840336
,,0.1731266149870801,0.5630252100840336
,,0.17357512953367876,0.5630252100840336
,,0.17402597402597403,0.5630252100840336
,,0.17447916666666666,0.5630252100840336
,,0.17493472584856398,0.5630252100840336
,,0.17539267015706805,0.5630252100840336
,,0.17585301837270342,0.5630252100840336
,,0.1763157894736842,0.5630252100840336
,,0.17678100263852242,0.5630252100840336
,,0.17724867724867724,0.5630252100840336
,,0.17771883289124668,0.5630252100840336
,,0.17819148936170212,0.5630252100840336
,,0.17866666666666667,0.5630252100840336
,,0.17914438502673796,0.5630252100840336
,,0.17962466487935658,0.5630252100840336
,,0.18010752688172044,0.5630252100840336
,,0.18059299191374664,0.5630252100840336
,,0.18157181571815717,0.5630252100840336
,,0.18206521739130435,0.5630252100840336
,,0.18256130790190736,0.5630252100840336
,,0.1830601092896175,0.5630252100840336
,,0.18356164383561643,0.5630252100840336
,,0.18406593406593408,0.5630252100840336
,,0.18457300275482094,0.5630252100840336
,,0.1850828729281768,0.5630252100840336
,,0.18559556786703602,0.5630252100840336
,,0.18662952646239556,0.5630252100840336
,,0.1871508379888268,0.5630252100840336
,,0.1876750700280112,0.5630252100840336
,,0.18820224719101122,0.5630252100840336
,,0.18873239436619718,0.5630252100840336
,,0.18926553672316385,0.5630252100840336
,,0.18980169971671387,0.5630252100840336
,,0.1903409090909091,0.5630252100840336
,,0.1908831908831909,0.5630252100840336
,,0.19142857142857142,0.5630252100840336
,,0.19197707736389685,0.5630252100840336
,,0.1925287356321839,0.5630252100840336
,,0.1930835734870317,0.5630252100840336
,,0.19420289855072465,0.5630252100840336
,,0.19476744186046513,0.5630252100840336
,,0.19533527696793002,0.5630252100840336
,,0.195906432748538,0.5630252100840336
,,0.19648093841642228,0.5630252100840336
,,0.19705882352941176,0.5630252100840336
,,0.1976401179941003,0.5630252100840336
,,0.19822485207100593,0.5630252100840336
,,0.19881305637982197,0.5630252100840336
,,0.19940476190476192,0.5630252100840336
,,0.2,0.5630252100840336
,,0.20059880239520958,0.5630252100840336
,,0.2012012012012012,0.5630252100840336
,,0.20180722891566266,0.5630252100840336
,,0.20241691842900303,0.5630252100840336
,,0.20303030303030303,0.5630252100840336
,,0.20364741641337386,0.5630252100840336
,,0.20426829268292682,0.5630252100840336
,,0.20489296636085627,0.5630252100840336
,,0.20552147239263804,0.5630252100840336
,,0.20615384615384616,0.5630252100840336
,,0.20679012345679013,0.5630252100840336
,,0.20743034055727555,0.5630252100840336
,,0.2080745341614907,0.5630252100840336
,,0.2087227414330218,0.5630252100840336
,,0.209375,0.5630252100840336
,,0.21003134796238246,0.5630252100840336
,,0.21069182389937108,0.5630252100840336
,,0.2113564668769716,0.5630252100840336
,,0.2120253164556962,0.5630252100840336
,,0.2126984126984127,0.5630252100840336
,,0.21337579617834396,0.5630252100840336
,,0.21405750798722045,0.5630252100840336
,,0.21474358974358973,0.5630252100840336
,,0.21543408360128619,0.5630252100840336
,,0.2161290322580645,0.5630252100840336
,,0.2168284789644013,0.5630252100840336
,,0.21753246753246752,0.5630252100840336
,,0.2182410423452769,0.5630252100840336
,,0.21895424836601307,0.5630252100840336
,,0.21967213114754097,0.5630252100840336
,,0.22039473684210525,0.5630252100840336
,,0.22112211221122113,0.5630252100840336
,,0.22185430463576158,0.5630252100840336
,,0.22259136212624583,0.5630252100840336
,,0.22333333333333333,0.5630252100840336
,,0.22408026755852842,0.5630252100840336
,,0.22483221476510068,0.5630252100840336
,,0.2255892255892256,0.5630252100840336
,,0.22635135135135134,0.5630252100840336
,,0.2271186440677966,0.5630252100840336
,,0.22789115646258504,0.5630252100840336
,,0.22866894197952217,0.5630252100840336
,,0.22945205479452055,0.5630252100840336
,,0.23103448275862068,0.5630252100840336
,,0.23183391003460208,0.5630252100840336
,,0.2326388888888889,0.5630252100840336
,,0.23344947735191637,0.5630252100840336
,,0.23426573426573427,0.5630252100840336
,,0.23508771929824562,0.5630252100840336
,,0.23591549295774647,0.5630252100840336
,,0.23674911660777384,0.5630252100840336
,,0.2375886524822695,0.5630252100840336
,,0.2392857142857143,0.5630252100840336
,,0.24014336917562723,0.5630252100840336
,,0.24100719424460432,0.5630252100840336
,,0.24187725631768953,0.5630252100840336
,,0.2427536231884058,0.5630252100840336
,,0.24363636363636362,0.5630252100840336
,,0.24452554744525548,0.5630252100840336
,,0.2454212454212454,0.5630252100840336
,,0.24632352941176472,0.5630252100840336
,,0.24723247232472326,0.5630252100840336
,,0.24814814814814815,0.5630252100840336
,,0.24907063197026022,0.5630252100840336
,,0.25,0.5630252100840336
,,0.250936329588015,0.5630252100840336
,,0.2518796992481203,0.5630252100840336
,,0.2528301886792453,0.5630252100840336
,,0.2537878787878788,0.5630252100840336
,,0.25475285171102663,0.5630252100840336
,,0.25572519083969464,0.5630252100840336
,,0.2567049808429119,0.5630252100840336
,,0.25769230769230766,0.5630252100840336
,,0.25868725868725867,0.5630252100840336
,,0.2596899224806202,0.5630252100840336
,,0.2607003891050584,0.5630252100840336
,,0.26171875,0.5630252100840336
,,0.2627450980392157,0.5630252100840336
,,0.2637795275590551,0.5630252100840336
,,0.2648221343873518,0.5630252100840336
,,0.26587301587301587,0.5630252100840336
,,0.26693227091633465,0.5630252100840336
,,0.268,0.5630252100840336
,,0.26907630522088355,0.5630252100840336
,,0.2701612903225806,0.5630252100840336
,,0.27125506072874495,0.5630252100840336
,,0.27235772357723576,0.5630252100840336
,,0.27346938775510204,0.5630252100840336
,,0.27459016393442626,0.5630252100840336
,,0.2757201646090535,0.5630252100840336
,,0.2768595041322314,0.5630252100840336
,,0.27800829875518673,0.5630252100840336
,,0.2791666666666667,0.5630252100840336
,,0.2803347280334728,0.5630252100840336
,,0.2815126050420168,0.5630252100840336
,,0.28270042194092826,0.5630252100840336
,,0.2838983050847458,0.5630252100840336
,,0.2851063829787234,0.5630252100840336
,,0.2863247863247863,0.5630252100840336
,,0.2875536480686695,0.5630252100840336
,,0.28879310344827586,0.5630252100840336
,,0.29004329004329005,0.5630252100840336
,,0.29130434782608694,0.5630252100840336
,,0.2925764192139738,0.5630252100840336
,,0.29385964912280704,0.5630252100840336
,,0.29515418502202645,0.5630252100840336
,,0.29646017699115046,0.5630252100840336
,,0.29777777777777775,0.5630252100840336
,,0.29910714285714285,0.5630252100840336
,,0.3004484304932735,0.5630252100840336
,,0.30180180180180183,0.5630252100840336
,,0.3031674208144796,0.5630252100840336
,,0.30454545454545456,0.5630252100840336
,,0.3059360730593607,0.5630252100840336
,,0.3073394495412844,0.5630252100840336
,,0.3087557603686636,0.5630252100840336
,,0.3101851851851852,0.5630252100840336
,,0.3116279069767442,0.5630252100840336
,,0.3130841121495327,0.5630252100840336
,,0.3160377358490566,0.5630252100840336
,,0.3175355450236967,0.5630252100840336
,,0.319047619047619,0.5630252100840336
,,0.32057416267942584,0.5630252100840336
,,0.3507853403141361,0.5630252100840336
,,0.3526315789473684,0.5630252100840336
,,0.3544973544973545,0.5630252100840336
,,0.35638297872340424,0.5630252100840336
,,0.3582887700534759,0.5630252100840336
,,0.3602150537634409,0.5630252100840336
,,0.3621621621621622,0.5630252100840336
,,0.3641304347826087,0.5630252100840336
,,0.3743016759776536,0.5630252100840336
,,0.37640449438202245,0.5630252100840336
,,0.3785310734463277,0.5630252100840336
,,0.3806818181818182,0.5630252100840336
,,0.38285714285714284,0.5630252100840336
,,0.3850574712643678,0.5630252100840336
,,0.391812865497076,0.5630252100840336
,,0.3941176470588235,0.5630252100840336
,,0.39880952380952384,0.5630252100840336
,,0.40119760479041916,0.5630252100840336
,,0.4036144578313253,0.5630252100840336
,,0.40606060606060607,0.5630252100840336
,,0.40853658536585363,0.5630252100840336
,,0.41358024691358025,0.5630252100840336
,,0.4161490683229814,0.5630252100840336
,,0.41875,0.5630252100840336
,,0.42138364779874216,0.5630252100840336
,,0.4240506329113924,0.5630252100840336
,,0.4267515923566879,0.5630252100840336
,,0.42948717948717946,0.5630252100840336
,,0.432258064516129,0.5630252100840336
,,0.43506493506493504,0.5630252100840336
,,0.43790849673202614,0.5630252100840336
,,0.44370860927152317,0.5630252100840336
,,0.44666666666666666,0.5630252100840336
,,0.44966442953020136,0.5630252100840336
,,0.4527027027027027,0.5630252100840336
,,0.4557823129251701,0.5630252100840336
,,0.4589041095890411,0.5630252100840336
,,0.46206896551724136,0.5630252100840336
,,0.4652777777777778,0.5630252100840336
,,0.46853146853146854,0.5630252100840336
,,0.47183098591549294,0.5630252100840336
,,0.475177304964539,0.5630252100840336
,,0.4785714285714286,0.5630252100840336
,,0.48201438848920863,0.5630252100840336
,,0.4855072463768116,0.5630252100840336
,,0.4962962962962963,0.5630252100840336
,,0.5,0.5630252100840336
,,0.5234375,0.5630252100840336
,,0.5275590551181102,0.5630252100840336
,,0.5317460317460317,0.5630252100840336
,,0.5403225806451613,0.5630252100840336
,,0.5447154471544715,0.5630252100840336
,,0.5491803278688525,0.5630252100840336
,,0.5537190082644629,0.5630252100840336
,,0.5583333333333333,0.5630252100840336
,,0.5630252100840336,0.5630252100840336
,,0.5677966101694916,0.5630252100840336
,,0.5726495726495726,0.5630252100840336
,,0.5775862068965517,0.5630252100840336
,,0.5826086956521739,0.5630252100840336
,,0.5877192982456141,0.5630252100840336
,,0.5929203539823009,0.5630252100840336
,,0.5982142857142857,0.5630252100840336
,,0.6036036036036037,0.5630252100840336
,,0.6090909090909091,0.5630252100840336
,,0.6146788990825688,0.5630252100840336
,,0.6203703703703703,0.5630252100840336
,,0.6261682242990654,0.5630252100840336
,,0.6320754716981132,0.5630252100840336
,,0.638095238095238,0.5630252100840336
,,0.6442307692307693,0.5630252100840336
,,0.6504854368932039,0.5630252100840336
,,0.6568627450980392,0.5630252100840336
,,0.6633663366336634,0.5630252100840336
,,0.67,0.5630252100840336
,,0.6767676767676768,0.5630252100840336
,,0.6836734693877551,0.5630252100840336
,,0.6907216494845361,0.5630252100840336
,,0.6979166666666666,0.5630252100840336
,,0.7052631578947368,0.5630252100840336
,,0.6455696202531646,0.42857142857142855
,,0.6164383561643836,0.37815126050420167
,,0.6111111111111112,0.3697478991596639
,,0.6,0.35294117647058826
,,0.6086956521739131,0.35294117647058826
,,0.6176470588235294,0.35294117647058826
,,0.6666666666666666,0.35294117647058826
,,0.6774193548387096,0.35294117647058826
,,0.7,0.35294117647058826
,,0.711864406779661,0.35294117647058826
,,0.75,0.35294117647058826
,,0.7636363636363637,0.35294117647058826
,,0.7777777777777778,0.35294117647058826
,,0.8076923076923077,0.35294117647058826
,,0.84,0.35294117647058826
,,0.8571428571428571,0.35294117647058826
,,0.875,0.35294117647058826
,,0.8936170212765957,0.35294117647058826
,,0.8888888888888888,0.33613445378151263
,,0.9090909090909091,0.33613445378151263
,,0.9069767441860465,0.3277310924369748
,,0.9047619047619048,0.31932773109243695
,,0.9024390243902439,0.31092436974789917
,,0.8974358974358975,0.29411764705882354
,,0.8620689655172413,0.21008403361344538
,,0.8571428571428571,0.20168067226890757
,,0.8518518518518519,0.19327731092436976
,,0.8461538461538461,0.18487394957983194
,,0.84,0.17647058823529413
,,0.8333333333333334,0.16806722689075632
,,0.8260869565217391,0.15966386554621848
,,0.8181818181818182,0.15126050420168066
,,0.8095238095238095,0.14285714285714285
,,0.8,0.13445378151260504
,,0.7894736842105263,0.12605042016806722
,,0.8333333333333334,0.12605042016806722
,,0.8823529411764706,0.12605042016806722
,,0.9375,0.12605042016806722
,,1.0,0.12605042016806722
,,1.0,0.08403361344537816
,,1.0,0.06722689075630252
,,1.0,0.03361344537815126
,,1.0,0.025210084033613446
,,1.0,0.008403361344537815
,,1.0,0.0
